-- phpMyAdmin SQL Dump
-- version 5.2.0
-- https://www.phpmyadmin.net/
--
-- Host: localhost:3306
-- Generation Time: Oct 17, 2023 at 03:12 PM
-- Server version: 8.0.30
-- PHP Version: 8.1.10

SET SQL_MODE = "NO_AUTO_VALUE_ON_ZERO";
START TRANSACTION;
SET time_zone = "+00:00";


/*!40101 SET @OLD_CHARACTER_SET_CLIENT=@@CHARACTER_SET_CLIENT */;
/*!40101 SET @OLD_CHARACTER_SET_RESULTS=@@CHARACTER_SET_RESULTS */;
/*!40101 SET @OLD_COLLATION_CONNECTION=@@COLLATION_CONNECTION */;
/*!40101 SET NAMES utf8mb4 */;

--
-- Database: `pointofsale`
--

--
-- Dumping data for table `brands`
--

INSERT INTO `brands` (`brandID`, `name`, `isActive`, `createdBy`, `created_at`, `updated_at`) VALUES
(1, 'Brand 1', 0, 'System', '2023-09-20 19:30:00', '2023-09-20 19:30:00'),
(2, 'Brand 2', 0, 'System', '2023-09-20 19:30:00', '2023-09-20 19:30:00'),
(3, 'Atom', 0, 'owner@email.com', '2023-09-21 06:55:23', '2023-09-21 06:55:23'),
(4, 'Besmed', 0, 'owner@email.com', '2023-09-21 06:55:33', '2023-09-21 06:55:33'),
(5, 'LifeCare', 0, 'owner@email.com', '2023-09-21 06:55:48', '2023-09-21 06:55:48'),
(6, 'Medicare', 0, 'owner@email.com', '2023-09-21 06:56:04', '2023-09-21 06:56:04'),
(7, 'U-Check', 0, 'owner@email.com', '2023-09-21 06:56:17', '2023-09-21 06:56:17'),
(8, 'A&D', 0, 'owner@email.com', '2023-09-21 06:59:48', '2023-09-21 06:59:48'),
(9, 'Roche', 0, 'owner@email.com', '2023-09-21 07:03:48', '2023-09-21 07:03:48'),
(10, 'Certeza', 0, 'owner@email.com', '2023-09-21 07:04:04', '2023-09-21 07:04:04'),
(11, 'Beurer', 0, 'owner@email.com', '2023-09-26 06:17:20', '2023-09-26 06:17:20'),
(12, 'Yamasu', 0, 'owner@email.com', '2023-09-26 06:17:57', '2023-09-26 06:17:57'),
(13, 'Littmann', 0, 'owner@email.com', '2023-09-27 06:38:08', '2023-09-27 06:38:08'),
(14, 'Camelion', 0, 'owner@email.com', '2023-10-05 15:41:12', '2023-10-05 15:41:12'),
(15, 'Duracell', 0, 'owner@email.com', '2023-10-05 16:00:03', '2023-10-05 16:00:03'),
(16, 'Sony', 0, 'owner@email.com', '2023-10-05 16:00:17', '2023-10-05 16:00:17'),
(17, 'Mana', 0, 'owner@email.com', '2023-10-05 16:00:46', '2023-10-05 16:00:46'),
(18, 'OrthoMed', 0, 'owner@email.com', '2023-10-05 16:01:00', '2023-10-05 16:01:00'),
(19, 'Oppo', 0, 'owner@email.com', '2023-10-05 16:01:13', '2023-10-05 16:01:13'),
(20, 'J-Kare', 0, 'owner@email.com', '2023-10-05 16:01:32', '2023-10-05 16:01:32'),
(21, 'ABM', 0, 'owner@email.com', '2023-10-05 16:01:49', '2023-10-05 16:01:49'),
(22, 'Laica', 0, 'owner@email.com', '2023-10-05 16:02:32', '2023-10-05 16:02:32'),
(23, 'Safety', 0, 'owner@email.com', '2023-10-05 16:03:52', '2023-10-05 16:03:52'),
(24, 'LifeCheck', 0, 'owner@email.com', '2023-10-05 16:04:06', '2023-10-05 16:04:06'),
(25, 'Yuwell', 0, 'owner@email.com', '2023-10-05 16:04:25', '2023-10-05 16:04:25'),
(26, 'HiClean', 0, 'owner@email.com', '2023-10-05 16:04:47', '2023-10-05 16:04:47'),
(27, 'Senior', 0, 'owner@email.com', '2023-10-05 16:07:00', '2023-10-05 16:07:00'),
(28, 'BM', 0, 'owner@email.com', '2023-10-05 16:07:15', '2023-10-05 16:07:15'),
(29, 'ALPK-2', 0, 'owner@email.com', '2023-10-05 16:08:15', '2023-10-05 16:08:15'),
(30, 'Copy', 0, 'owner@email.com', '2023-10-05 16:08:26', '2023-10-05 16:08:26'),
(31, 'ABN', 0, 'owner@email.com', '2023-10-05 16:09:17', '2023-10-05 16:09:17'),
(32, 'Medisign', 0, 'owner@email.com', '2023-10-05 16:09:35', '2023-10-05 16:09:35'),
(33, 'Bestway', 0, 'owner@email.com', '2023-10-05 16:09:55', '2023-10-05 16:09:55'),
(34, 'Comfort', 0, 'owner@email.com', '2023-10-05 16:10:08', '2023-10-05 16:10:08'),
(35, 'Microlife', 0, 'owner@email.com', '2023-10-05 16:10:29', '2023-10-05 16:10:29'),
(36, 'Spirit', 0, 'owner@email.com', '2023-10-05 16:10:43', '2023-10-05 16:10:43'),
(37, 'MoltyOrtho', 0, 'owner@email.com', '2023-10-05 16:11:52', '2023-10-05 16:11:52'),
(38, 'Local', 0, 'owner@email.com', '2023-10-05 16:12:33', '2023-10-05 16:12:33'),
(39, 'Maxell', 0, 'owner@email.com', '2023-10-05 16:13:01', '2023-10-05 16:13:01'),
(40, 'Panasonic', 0, 'owner@email.com', '2023-10-05 16:13:16', '2023-10-05 16:13:16'),
(41, 'Resvent', 0, 'owner@email.com', '2023-10-05 16:13:44', '2023-10-05 16:13:44'),
(42, 'Rayto', 0, 'owner@email.com', '2023-10-05 16:14:33', '2023-10-05 16:14:33'),
(43, 'Secure Ages', 0, 'owner@email.com', '2023-10-05 16:14:51', '2023-10-05 16:14:51'),
(44, 'Chrome', 0, 'owner@email.com', '2023-10-05 16:15:07', '2023-10-05 16:15:07'),
(45, 'MSR', 0, 'owner@email.com', '2023-10-05 16:15:35', '2023-10-05 16:15:35'),
(46, 'Pearl White', 0, 'owner@email.com', '2023-10-05 16:15:52', '2023-10-05 16:15:52'),
(47, 'Marhaba', 0, 'owner@email.com', '2023-10-05 16:16:08', '2023-10-05 16:16:08'),
(48, 'Refurbished', 0, 'owner@email.com', '2023-10-05 16:17:34', '2023-10-05 16:17:34'),
(49, 'B', 0, 'owner@email.com', '2023-10-05 16:17:46', '2023-10-05 16:17:46'),
(50, 'A', 0, 'owner@email.com', '2023-10-05 16:23:09', '2023-10-05 16:23:09'),
(51, 'Alluminium', 0, 'owner@email.com', '2023-10-05 16:23:27', '2023-10-05 16:23:27'),
(52, 'Yonker', 0, 'owner@email.com', '2023-10-07 06:41:47', '2023-10-07 06:41:47'),
(53, 'CITIZEN', 0, 'owner@email.com', '2023-10-07 06:42:01', '2023-10-07 06:42:01'),
(54, 'LifeSource', 0, 'owner@email.com', '2023-10-07 06:42:30', '2023-10-07 06:42:30'),
(55, 'Unique', 0, 'owner@email.com', '2023-10-07 06:51:42', '2023-10-07 06:51:42'),
(56, 'Green', 0, 'owner@email.com', '2023-10-07 06:52:08', '2023-10-07 06:52:08'),
(57, 'Omron', 0, 'owner@email.com', '2023-10-07 06:52:55', '2023-10-07 06:52:55'),
(58, 'ADE', 0, 'owner@email.com', '2023-10-07 06:53:13', '2023-10-07 06:53:13'),
(59, 'Fuiji', 0, 'shoaib55@gmail.com', '2023-10-07 12:46:41', '2023-10-07 12:46:41'),
(60, 'Comfrey', 0, 'shoaib55@gmail.com', '2023-10-07 12:47:02', '2023-10-07 12:47:02'),
(61, 'Hitech', 0, 'shoaib55@gmail.com', '2023-10-07 12:48:00', '2023-10-07 12:48:00'),
(62, 'Folee', 0, 'shoaib55@gmail.com', '2023-10-07 12:52:08', '2023-10-07 12:52:08'),
(63, 'Camry', 0, 'shoaib55@gmail.com', '2023-10-07 12:52:59', '2023-10-07 12:52:59'),
(64, 'Padded', 0, 'shoaib55@gmail.com', '2023-10-07 12:53:40', '2023-10-07 12:53:40'),
(65, 'Master Fine', 0, 'shoaib55@gmail.com', '2023-10-07 12:53:55', '2023-10-07 12:53:55'),
(66, 'Master', 0, 'shoaib55@gmail.com', '2023-10-07 12:54:08', '2023-10-07 12:54:08'),
(67, 'Carestream', 0, 'shoaib55@gmail.com', '2023-10-07 12:54:21', '2023-10-07 12:54:21'),
(68, 'China', 0, 'shoaib55@gmail.com', '2023-10-07 12:54:36', '2023-10-07 12:54:36'),
(69, 'Perfect', 0, 'shoaib55@gmail.com', '2023-10-07 12:54:51', '2023-10-07 12:54:51'),
(70, 'Contec', 0, 'shoaib55@gmail.com', '2023-10-07 12:55:35', '2023-10-07 12:55:35'),
(71, 'Abbott', 0, 'shoaib55@gmail.com', '2023-10-07 12:56:00', '2023-10-07 12:56:00'),
(72, 'Healgen', 0, 'shoaib55@gmail.com', '2023-10-07 12:56:40', '2023-10-07 12:56:40'),
(73, 'Siemens', 0, 'shoaib55@gmail.com', '2023-10-07 12:56:54', '2023-10-07 12:56:54'),
(74, 'Rexton', 0, 'shoaib55@gmail.com', '2023-10-07 12:57:10', '2023-10-07 12:57:10'),
(75, 'Axon', 0, 'shoaib55@gmail.com', '2023-10-07 12:57:23', '2023-10-07 12:57:23'),
(76, 'Audio Power', 0, 'shoaib55@gmail.com', '2023-10-07 12:57:33', '2023-10-07 12:57:33'),
(77, 'Eco', 0, 'shoaib55@gmail.com', '2023-10-07 12:57:53', '2023-10-07 12:57:53'),
(78, 'Van Plus', 0, 'shoaib55@gmail.com', '2023-10-07 12:58:09', '2023-10-07 12:58:09'),
(79, 'Vivo Pro', 0, 'shoaib55@gmail.com', '2023-10-07 12:58:21', '2023-10-07 12:58:21'),
(80, 'Vivo Pulse', 0, 'shoaib55@gmail.com', '2023-10-07 12:58:33', '2023-10-07 12:58:33'),
(81, 'Cyber Sonic', 0, 'shoaib55@gmail.com', '2023-10-07 12:58:50', '2023-10-07 12:58:50'),
(82, 'Unisound', 0, 'shoaib55@gmail.com', '2023-10-07 12:59:08', '2023-10-07 12:59:08'),
(83, 'Zinbest', 0, 'shoaib55@gmail.com', '2023-10-07 12:59:20', '2023-10-07 12:59:20'),
(84, 'WT', 0, 'shoaib55@gmail.com', '2023-10-07 12:59:38', '2023-10-07 12:59:38'),
(85, 'best med', 0, 'shoaib55@gmail.com', '2023-10-07 13:00:28', '2023-10-07 13:00:28'),
(86, 'NEOTEX', 0, 'shoaib55@gmail.com', '2023-10-07 13:00:52', '2023-10-07 13:00:52'),
(87, 'ImuMed', 0, 'shoaib55@gmail.com', '2023-10-07 13:01:04', '2023-10-07 13:01:04'),
(88, 'CDN', 0, 'shoaib55@gmail.com', '2023-10-07 13:01:22', '2023-10-07 13:01:22'),
(89, 'Easycare', 0, 'shoaib55@gmail.com', '2023-10-07 13:02:18', '2023-10-07 13:02:18'),
(90, 'Blueidea', 0, 'shoaib55@gmail.com', '2023-10-07 13:03:27', '2023-10-07 13:03:27'),
(91, 'Phantom', 0, 'shoaib55@gmail.com', '2023-10-07 13:06:42', '2023-10-07 13:06:42'),
(92, 'MDF', 0, 'shoaib55@gmail.com', '2023-10-07 13:07:34', '2023-10-07 13:07:34'),
(93, 'Atlas', 0, 'shoaib55@gmail.com', '2023-10-07 13:08:09', '2023-10-07 13:08:09'),
(94, 'Medbar', 0, 'shoaib55@gmail.com', '2023-10-07 13:08:21', '2023-10-07 13:08:21'),
(95, 'Medineb', 0, 'shoaib55@gmail.com', '2023-10-07 13:09:14', '2023-10-07 13:09:14'),
(96, 'Mr Rabitt', 0, 'shoaib55@gmail.com', '2023-10-07 13:09:25', '2023-10-07 13:09:25'),
(97, 'Frogi', 0, 'shoaib55@gmail.com', '2023-10-07 13:09:41', '2023-10-07 13:09:41'),
(98, 'Acon', 0, 'shoaib55@gmail.com', '2023-10-07 13:09:55', '2023-10-07 13:09:55'),
(99, 'Riester', 0, 'shoaib55@gmail.com', '2023-10-07 13:10:11', '2023-10-07 13:10:11'),
(100, 'Recovery', 0, 'shoaib55@gmail.com', '2023-10-07 13:10:34', '2023-10-07 13:10:34'),
(101, 'K', 0, 'shoaib55@gmail.com', '2023-10-07 13:10:47', '2023-10-07 13:10:47'),
(102, 'SmartCare', 0, 'shoaib55@gmail.com', '2023-10-07 13:11:07', '2023-10-07 13:11:07'),
(103, 'Zac Vcate', 0, 'shoaib55@gmail.com', '2023-10-07 13:11:50', '2023-10-07 13:11:50'),
(104, 'ChoiceMed', 0, 'shoaib55@gmail.com', '2023-10-07 13:12:02', '2023-10-07 13:12:02'),
(105, 'Ifvan', 0, 'shoaib55@gmail.com', '2023-10-07 13:12:38', '2023-10-07 13:12:38'),
(106, 'High Density', 0, 'shoaib55@gmail.com', '2023-10-07 13:12:57', '2023-10-07 13:12:57'),
(107, 'High Glossy', 0, 'shoaib55@gmail.com', '2023-10-07 13:13:07', '2023-10-07 13:13:07'),
(108, 'Normal', 0, 'shoaib55@gmail.com', '2023-10-07 13:13:17', '2023-10-07 13:13:17'),
(109, 'OCC', 0, 'shoaib55@gmail.com', '2023-10-07 13:13:54', '2023-10-07 13:13:54'),
(110, 'Bokang', 0, 'shoaib55@gmail.com', '2023-10-07 13:14:06', '2023-10-07 13:14:06'),
(111, 'Kaliz', 0, 'shoaib55@gmail.com', '2023-10-07 13:14:18', '2023-10-07 13:14:18'),
(112, '3A', 0, 'shoaib55@gmail.com', '2023-10-07 13:14:33', '2023-10-07 13:14:33'),
(113, 'Care Vision', 0, 'shoaib55@gmail.com', '2023-10-07 13:15:13', '2023-10-07 13:15:13'),
(114, 'Caresens N', 0, 'shoaib55@gmail.com', '2023-10-07 13:15:40', '2023-10-07 13:15:40'),
(115, 'Codefree', 0, 'shoaib55@gmail.com', '2023-10-07 13:16:18', '2023-10-07 13:16:18'),
(116, 'Gluco-fit', 0, 'shoaib55@gmail.com', '2023-10-07 13:16:32', '2023-10-07 13:16:32'),
(117, 'T-Care', 0, 'shoaib55@gmail.com', '2023-10-07 13:16:45', '2023-10-07 13:16:45'),
(118, 'Easymax', 0, 'shoaib55@gmail.com', '2023-10-07 13:17:02', '2023-10-07 13:17:02'),
(119, 'D-CHECK', 0, 'shoaib55@gmail.com', '2023-10-07 13:17:27', '2023-10-07 13:17:27'),
(120, 'SD CHECK', 0, 'shoaib55@gmail.com', '2023-10-07 13:17:40', '2023-10-07 13:17:40'),
(121, 'CC Advance', 0, 'shoaib55@gmail.com', '2023-10-07 13:17:58', '2023-10-07 13:17:58'),
(122, 'Glucose', 0, 'shoaib55@gmail.com', '2023-10-07 13:18:16', '2023-10-07 13:18:16'),
(123, 'CC Fast', 0, 'shoaib55@gmail.com', '2023-10-07 13:18:27', '2023-10-07 13:18:27'),
(124, 'CC Super', 0, 'shoaib55@gmail.com', '2023-10-07 13:18:38', '2023-10-07 13:18:38'),
(125, 'One Touch', 0, 'shoaib55@gmail.com', '2023-10-07 13:49:02', '2023-10-07 13:49:02'),
(126, 'Ketone', 0, 'shoaib55@gmail.com', '2023-10-07 13:49:50', '2023-10-07 13:49:50'),
(127, 'Viva', 0, 'shoaib55@gmail.com', '2023-10-07 13:50:09', '2023-10-07 13:50:09'),
(128, 'Uniject', 0, 'shoaib55@gmail.com', '2023-10-07 13:50:23', '2023-10-07 13:50:23'),
(129, 'Surgitix', 0, 'shoaib55@gmail.com', '2023-10-07 13:50:54', '2023-10-07 13:50:54'),
(130, 'Bio-Health', 0, 'shoaib55@gmail.com', '2023-10-07 13:51:18', '2023-10-07 13:51:18'),
(131, 'Susu', 0, 'shoaib55@gmail.com', '2023-10-07 13:51:39', '2023-10-07 13:51:39'),
(132, 'Docter', 0, 'shoaib55@gmail.com', '2023-10-07 13:51:53', '2023-10-07 13:51:53'),
(133, 'Aqua Clear', 0, 'shoaib55@gmail.com', '2023-10-07 13:52:04', '2023-10-07 13:52:04'),
(134, 'Eezoo', 0, 'shoaib55@gmail.com', '2023-10-07 13:52:15', '2023-10-07 13:52:15'),
(135, 'Qualiy', 0, 'shoaib55@gmail.com', '2023-10-07 13:52:26', '2023-10-07 13:52:26'),
(136, 'Super Doppler', 0, 'shoaib55@gmail.com', '2023-10-07 13:52:41', '2023-10-07 13:52:41'),
(137, 'Kia', 0, 'shoaib55@gmail.com', '2023-10-07 13:53:25', '2023-10-07 13:53:25'),
(138, 'Sky', 0, 'shoaib55@gmail.com', '2023-10-07 13:55:23', '2023-10-07 13:55:23'),
(139, 'Pro Support', 0, 'shoaib55@gmail.com', '2023-10-07 13:57:19', '2023-10-07 13:57:19'),
(140, 'Axiom', 0, 'shoaib55@gmail.com', '2023-10-07 13:57:58', '2023-10-07 13:57:58'),
(141, 'Signia', 0, 'shoaib55@gmail.com', '2023-10-07 13:59:49', '2023-10-07 13:59:49'),
(142, 'New', 0, 'shoaib55@gmail.com', '2023-10-07 14:00:46', '2023-10-07 14:00:46'),
(143, 'WelchAllyn', 0, 'shoaib55@gmail.com', '2023-10-07 14:02:11', '2023-10-07 14:02:11'),
(144, 'Ventmed', 0, 'shoaib55@gmail.com', '2023-10-07 14:02:36', '2023-10-07 14:02:36'),
(145, 'BMC', 0, 'shoaib55@gmail.com', '2023-10-07 14:02:51', '2023-10-07 14:02:51'),
(146, 'Phillips', 0, 'shoaib55@gmail.com', '2023-10-07 14:03:01', '2023-10-07 14:03:01'),
(147, 'Galemed', 0, 'shoaib55@gmail.com', '2023-10-07 14:03:14', '2023-10-07 14:03:14'),
(148, 'Resmed', 0, 'shoaib55@gmail.com', '2023-10-07 14:03:40', '2023-10-07 14:03:40'),
(149, 'Japan', 0, 'shoaib55@gmail.com', '2023-10-07 14:04:19', '2023-10-07 14:04:19'),
(150, 'Fazzaini', 0, 'shoaib55@gmail.com', '2023-10-07 14:05:06', '2023-10-07 14:05:06'),
(151, 'Oxtm', 0, 'shoaib55@gmail.com', '2023-10-07 14:05:31', '2023-10-07 14:05:31'),
(152, 'Mindray', 0, 'shoaib55@gmail.com', '2023-10-07 14:05:57', '2023-10-07 14:05:57'),
(153, 'Aloka', 0, 'shoaib55@gmail.com', '2023-10-07 14:06:18', '2023-10-07 14:06:18'),
(154, 'Mitsibushi', 0, 'shoaib55@gmail.com', '2023-10-07 14:06:31', '2023-10-07 14:06:31'),
(155, 'Nellcor', 0, 'shoaib55@gmail.com', '2023-10-07 14:07:15', '2023-10-07 14:07:15'),
(156, 'Ohmda', 0, 'shoaib55@gmail.com', '2023-10-07 14:07:26', '2023-10-07 14:07:26'),
(157, 'Novadex', 0, 'shoaib55@gmail.com', '2023-10-07 14:07:44', '2023-10-07 14:07:44'),
(158, 'Shimadzu', 0, 'shoaib55@gmail.com', '2023-10-07 14:08:05', '2023-10-07 14:08:05'),
(159, 'Chison', 0, 'shoaib55@gmail.com', '2023-10-07 14:08:17', '2023-10-07 14:08:17'),
(160, 'Sonoscape', 0, 'shoaib55@gmail.com', '2023-10-07 14:08:33', '2023-10-07 14:08:33'),
(161, 'Sonovista FX', 0, 'shoaib55@gmail.com', '2023-10-07 14:08:49', '2023-10-07 14:08:49'),
(162, 'Kaixin', 0, 'shoaib55@gmail.com', '2023-10-07 14:09:07', '2023-10-07 14:09:07'),
(163, 'Emperor', 0, 'shoaib55@gmail.com', '2023-10-07 14:09:17', '2023-10-07 14:09:17'),
(164, 'Nyro-10', 0, 'shoaib55@gmail.com', '2023-10-07 14:09:46', '2023-10-07 14:09:46'),
(165, 'Oriel Plus', 0, 'shoaib55@gmail.com', '2023-10-07 14:09:57', '2023-10-07 14:09:57'),
(166, 'Sonopoint', 0, 'shoaib55@gmail.com', '2023-10-07 14:10:08', '2023-10-07 14:10:08'),
(167, 'WellD', 0, 'shoaib55@gmail.com', '2023-10-07 14:10:18', '2023-10-07 14:10:18'),
(168, 'Canyeam', 0, 'shoaib55@gmail.com', '2023-10-07 14:10:32', '2023-10-07 14:10:32'),
(169, 'Longfian', 0, 'shoaib55@gmail.com', '2023-10-07 14:10:46', '2023-10-07 14:10:46'),
(170, 'Apollo 7', 0, 'shoaib55@gmail.com', '2023-10-07 14:10:58', '2023-10-07 14:10:58'),
(171, 'Sansei', 0, 'shoaib55@gmail.com', '2023-10-07 14:11:16', '2023-10-07 14:11:16'),
(172, 'Uesd', 0, 'shoaib55@gmail.com', '2023-10-07 14:11:29', '2023-10-07 14:11:29'),
(173, 'Datascope Accutor', 0, 'shoaib55@gmail.com', '2023-10-07 14:11:53', '2023-10-07 14:11:53'),
(174, 'Edan', 0, 'shoaib55@gmail.com', '2023-10-07 14:12:07', '2023-10-07 14:12:07'),
(175, 'Dinamap', 0, 'shoaib55@gmail.com', '2023-10-07 14:12:25', '2023-10-07 14:12:25'),
(176, 'CC', 0, 'owner@email.com', '2023-10-09 10:03:17', '2023-10-09 10:03:17'),
(177, 'Lever Check', 0, 'owner@email.com', '2023-10-09 11:03:59', '2023-10-09 11:03:59'),
(178, 'Dr-Care', 0, 'owner@email.com', '2023-10-11 08:26:37', '2023-10-11 08:26:37'),
(179, 'Toshiba', 0, 'owner@email.com', '2023-10-11 08:31:31', '2023-10-11 08:31:31'),
(180, 'Euro Neb', 0, 'owner@email.com', '2023-10-11 08:33:41', '2023-10-11 08:33:41'),
(181, 'Elite', 0, 'owner@email.com', '2023-10-11 08:37:17', '2023-10-11 08:37:17'),
(182, 'Medicare Plus', 0, 'owner@email.com', '2023-10-11 08:40:49', '2023-10-11 08:40:49'),
(183, 'Onesta', 0, 'owner@email.com', '2023-10-11 08:44:32', '2023-10-11 08:44:32'),
(184, 'Prestoneb', 0, 'owner@email.com', '2023-10-11 08:45:25', '2023-10-11 08:45:25'),
(185, 'Pulmocare', 0, 'owner@email.com', '2023-10-11 08:47:27', '2023-10-11 08:47:27'),
(186, 'Aero Comoact', 0, 'owner@email.com', '2023-10-11 08:48:43', '2023-10-11 08:48:43'),
(187, 'Strong Neb', 0, 'owner@email.com', '2023-10-11 08:49:44', '2023-10-11 08:49:44'),
(188, 'CVS Health', 0, 'owner@email.com', '2023-10-14 12:31:22', '2023-10-14 12:31:22'),
(189, 'Non Contact', 0, 'owner@email.com', '2023-10-14 14:04:30', '2023-10-14 14:04:30'),
(190, 'Solo', 0, 'owner@email.com', '2023-10-14 14:34:55', '2023-10-14 14:34:55'),
(191, 'Phtsio Stim', 0, 'owner@email.com', '2023-10-14 14:43:40', '2023-10-14 14:43:40'),
(192, 'Comfy Stim', 0, 'owner@email.com', '2023-10-14 15:08:10', '2023-10-14 15:08:10'),
(193, 'Rionet', 0, 'owner@email.com', '2023-10-14 15:42:58', '2023-10-14 15:42:58'),
(194, 'Mix', 0, 'owner@email.com', '2023-10-14 15:44:21', '2023-10-14 15:44:21'),
(195, 'Song Lin', 0, 'owner@email.com', '2023-10-16 07:38:40', '2023-10-16 07:38:40'),
(196, 'Fascial Gun', 0, 'owner@email.com', '2023-10-16 07:41:27', '2023-10-16 07:41:27'),
(197, 'Manipol', 0, 'owner@email.com', '2023-10-16 07:46:25', '2023-10-16 07:46:25'),
(198, 'Multifunctional', 0, 'owner@email.com', '2023-10-16 07:49:45', '2023-10-16 07:49:45'),
(199, 'Incoscan', 0, 'owner@email.com', '2023-10-16 08:02:33', '2023-10-16 08:02:33');

--
-- Dumping data for table `categories`
--

INSERT INTO `categories` (`categoryID`, `name`, `image`, `parentID`, `isActive`, `createdBy`, `created_at`, `updated_at`) VALUES
(1, 'Category 1', 'Screenshot 2023-02-09 142113.png', NULL, 0, 'System', '2023-09-20 19:30:00', '2023-09-20 19:30:00'),
(2, 'Category 2', 'Screenshot 2023-02-09 142113.png', NULL, 0, 'System', '2023-09-20 19:30:00', '2023-09-20 19:30:00'),
(3, 'Heating Pad', NULL, NULL, 0, 'owner@email.com', '2023-09-21 06:56:42', '2023-09-21 06:56:42'),
(4, 'Blood Pressure', NULL, NULL, 0, 'owner@email.com', '2023-09-21 06:56:57', '2023-09-21 06:56:57'),
(5, 'Diabetese', NULL, NULL, 0, 'owner@email.com', '2023-09-21 06:57:15', '2023-09-21 06:57:15'),
(6, 'Messager', NULL, NULL, 0, 'owner@email.com', '2023-09-26 06:18:47', '2023-09-26 06:18:47'),
(7, 'Pulse Oximeter', NULL, NULL, 0, 'owner@email.com', '2023-09-26 06:19:04', '2023-09-26 06:19:04'),
(8, 'Hearing Aid', NULL, NULL, 0, 'owner@email.com', '2023-09-26 06:19:27', '2023-09-26 06:19:27'),
(9, 'Thermometers', NULL, NULL, 0, 'owner@email.com', '2023-09-26 06:20:14', '2023-09-26 06:20:14'),
(10, 'Stethoscope', NULL, NULL, 0, 'owner@email.com', '2023-09-26 06:21:11', '2023-09-26 06:21:11'),
(11, 'Battery', NULL, NULL, 0, 'shoaib55@gmail.com', '2023-10-07 14:14:41', '2023-10-07 14:14:41'),
(12, 'Support', NULL, NULL, 0, 'shoaib55@gmail.com', '2023-10-07 14:14:55', '2023-10-07 14:14:55'),
(13, 'Rehabilation', NULL, NULL, 0, 'shoaib55@gmail.com', '2023-10-07 14:16:46', '2023-10-07 14:16:46'),
(14, 'Humidifier', NULL, NULL, 0, 'shoaib55@gmail.com', '2023-10-07 14:16:57', '2023-10-07 14:16:57'),
(15, 'Air Mattress', NULL, NULL, 0, 'shoaib55@gmail.com', '2023-10-07 14:17:14', '2023-10-07 14:17:14'),
(16, 'Instruments', NULL, NULL, 0, 'shoaib55@gmail.com', '2023-10-07 14:19:32', '2023-10-07 14:19:32'),
(17, 'Cloth Items', NULL, NULL, 0, 'shoaib55@gmail.com', '2023-10-07 14:19:55', '2023-10-07 14:19:55'),
(18, 'Laboratory', NULL, NULL, 0, 'shoaib55@gmail.com', '2023-10-07 14:20:10', '2023-10-07 14:20:10'),
(19, 'Radiology', NULL, NULL, 0, 'shoaib55@gmail.com', '2023-10-07 14:20:29', '2023-10-07 14:20:29'),
(20, 'Furniture', NULL, NULL, 0, 'shoaib55@gmail.com', '2023-10-07 14:21:27', '2023-10-07 14:21:27'),
(21, 'Commodes', NULL, NULL, 0, 'shoaib55@gmail.com', '2023-10-07 14:21:43', '2023-10-07 14:21:43'),
(22, 'Suction Machine', NULL, NULL, 0, 'shoaib55@gmail.com', '2023-10-07 14:22:12', '2023-10-07 14:22:12'),
(23, 'Oxygen', NULL, NULL, 0, 'shoaib55@gmail.com', '2023-10-07 14:22:29', '2023-10-07 14:22:29'),
(24, 'Mix', NULL, NULL, 0, 'shoaib55@gmail.com', '2023-10-07 14:22:51', '2023-10-07 14:22:51'),
(25, 'Weight Scale', NULL, NULL, 0, 'shoaib55@gmail.com', '2023-10-07 14:23:16', '2023-10-07 14:23:16'),
(26, 'ECG', NULL, NULL, 0, 'shoaib55@gmail.com', '2023-10-07 14:23:28', '2023-10-07 14:23:28'),
(27, 'First Aid Box', NULL, NULL, 0, 'shoaib55@gmail.com', '2023-10-07 14:23:48', '2023-10-07 14:23:48'),
(28, 'Gloves', NULL, NULL, 0, 'shoaib55@gmail.com', '2023-10-07 14:24:08', '2023-10-07 14:24:08'),
(29, 'Nebulizer', NULL, NULL, 0, 'shoaib55@gmail.com', '2023-10-07 14:25:44', '2023-10-07 14:25:44'),
(30, 'Physiotherapy', NULL, NULL, 0, 'shoaib55@gmail.com', '2023-10-07 14:26:05', '2023-10-07 14:26:05'),
(31, 'Tense Machine', NULL, NULL, 0, 'shoaib55@gmail.com', '2023-10-07 14:27:12', '2023-10-07 14:27:12'),
(32, 'Walker', NULL, NULL, 0, 'shoaib55@gmail.com', '2023-10-07 14:29:52', '2023-10-07 14:29:52'),
(33, 'Breast Pump', NULL, NULL, 0, 'owner@email.com', '2023-10-14 14:35:49', '2023-10-14 14:35:49');

--
-- Dumping data for table `products`
--

INSERT INTO `products` (`productID`, `name`, `code`, `defaultBatch`, `brandID`, `categoryID`, `isExpire`, `productUnit`, `purchasePrice`, `salePrice`, `wholeSalePrice`, `alertQuantity`, `commission`, `description`, `image`, `createdBy`, `created_at`, `updated_at`) VALUES
(1, 'Heating Pad AT-240', '57285', NULL, 3, 3, 1, 1, 3000.00, 4000.00, 3350.00, 2, NULL, NULL, NULL, 'owner@email.com', '2023-09-21 06:58:26', '2023-09-26 06:28:34'),
(2, 'Heating Pad BE-240', '80444', NULL, 4, 3, 1, 1, 6400.00, 9000.00, 7500.00, 2, NULL, NULL, NULL, 'owner@email.com', '2023-09-21 06:59:17', '2023-09-26 06:28:13'),
(3, 'Digital B.P. Cuff Type UA-651', '5060006581120', NULL, 8, 4, 1, 1, 4100.00, 6500.00, 5000.00, 2, NULL, NULL, NULL, 'owner@email.com', '2023-09-21 07:00:45', '2023-10-09 11:23:22'),
(4, 'Aneriod B.P MT-250', '25924', NULL, 6, 4, 1, 1, 1280.00, 1800.00, 1400.00, 2, NULL, NULL, NULL, 'owner@email.com', '2023-09-21 07:01:29', '2023-09-26 06:28:24'),
(5, 'Glucometer GL-100', '70468', NULL, 10, 5, 1, 1, 600.00, 2800.00, 1000.00, 2, NULL, NULL, NULL, 'owner@email.com', '2023-09-21 07:15:58', '2023-09-26 06:27:50'),
(6, 'Glucometer Instant S', '4015630070589', NULL, 9, 5, 1, 1, 1600.00, 2500.00, 1800.00, 2, NULL, NULL, NULL, 'owner@email.com', '2023-09-21 07:16:47', '2023-10-09 08:10:06'),
(7, 'Hearing Aid HA-20', '4211125641061', 'def-394763', 11, 8, 1, 1, 2450.00, 5000.00, 3000.00, 2, NULL, NULL, NULL, 'owner@email.com', '2023-09-26 06:27:27', '2023-10-09 08:09:45'),
(8, 'Strips 25x2', '4717095031524', NULL, 7, 5, 0, 2, 650.00, 750.00, 700.00, 2, NULL, NULL, NULL, 'owner@email.com', '2023-09-26 06:33:00', '2023-10-09 08:08:23'),
(9, 'Body Massager LC-900 Chargeable', '78203', 'def-349435', 5, 6, 1, 1, 4600.00, 6500.00, 5000.00, 1, NULL, NULL, NULL, 'owner@email.com', '2023-09-26 07:23:03', '2023-09-26 07:23:03'),
(10, 'Pulse Oximeter PO-907', '25024', 'def-175628', 10, 7, 1, 1, 2900.00, 4000.00, 3300.00, 1, NULL, NULL, NULL, 'owner@email.com', '2023-09-26 07:26:16', '2023-09-26 07:26:16'),
(11, 'Stethoscope Classic lll 5806', '707387789565', 'def-160163', 13, 10, 1, 1, 31000.00, 38000.00, 34000.00, 1, NULL, NULL, NULL, 'owner@email.com', '2023-09-27 06:40:18', '2023-10-10 06:24:57'),
(12, 'Aneroid B.P. CR-1004', '6672276100407', 'def-653674', 10, 4, 1, 1, 2300.00, 3000.00, 2500.00, 2, NULL, NULL, NULL, 'shoaib55@gmail.com', '2023-10-07 14:42:42', '2023-10-09 08:07:34'),
(13, 'Aneroid B.P. CR-1002 Original', '6672276100209', 'def-854583', 10, 4, 1, 1, 1970.00, 2500.00, 2200.00, 2, NULL, NULL, NULL, 'shoaib55@gmail.com', '2023-10-07 14:45:47', '2023-10-09 08:06:56'),
(14, 'Aneroid B.P. CR-1006 Palm', '6672276100605', 'def-141157', 10, 4, 1, 1, 2870.00, 3500.00, 3000.00, 2, NULL, NULL, NULL, 'shoaib55@gmail.com', '2023-10-07 14:48:33', '2023-10-09 08:06:20'),
(16, 'Aneroid B.P Ares', '7206', 'def-103022', 28, 4, 1, 1, 1260.00, 1700.00, 1400.00, 1, NULL, NULL, NULL, 'owner@email.com', '2023-10-09 09:25:05', '2023-10-09 09:25:05'),
(17, 'Aneroid B.P. 500 Original Japan', '87890', 'def-765062', 12, 4, 1, 1, 4900.00, 7000.00, 5500.00, 2, NULL, NULL, NULL, 'owner@email.com', '2023-10-09 09:28:24', '2023-10-09 09:28:24'),
(18, 'Aneroid B.P. UC-8900', '6931038620202', 'def-351385', 7, 4, 1, 1, 1500.00, 2200.00, 1700.00, 1, NULL, NULL, NULL, 'owner@email.com', '2023-10-09 09:29:40', '2023-10-09 09:29:40'),
(19, 'Aneroid B.P. 500-V China', '4513898020013', 'def-863118', 29, 4, 1, 1, 1590.00, 2200.00, 1800.00, 1, NULL, NULL, NULL, 'owner@email.com', '2023-10-09 09:31:06', '2023-10-09 09:31:06'),
(20, 'Aneroid B.P. EcoLite Indonesia', '8997021264035', 'def-678409', 31, 4, 1, 1, 3200.00, 4000.00, 3500.00, 1, NULL, NULL, NULL, 'owner@email.com', '2023-10-09 09:32:22', '2023-10-09 09:32:22'),
(21, 'Aneroid B.P. MC 2002', '45212', 'def-604566', 32, 4, 1, 1, 1420.00, 1800.00, 1600.00, 1, NULL, NULL, NULL, 'owner@email.com', '2023-10-09 09:33:29', '2023-10-09 09:33:29'),
(22, 'Aneroid B.P. MT-350 Color', '22816', 'def-12995', 6, 4, 1, 1, 1400.00, 2000.00, 1700.00, 1, NULL, NULL, NULL, 'owner@email.com', '2023-10-09 09:34:26', '2023-10-09 09:34:26'),
(23, 'Aneroid B.P. Proffesional', '76326', 'def-70303', 32, 4, 1, 1, 1600.00, 2200.00, 1700.00, 1, NULL, NULL, NULL, 'owner@email.com', '2023-10-09 09:35:49', '2023-10-09 09:35:49'),
(24, 'Aneroid B.P. Wall Type CR-1008', '62229', 'def-871839', 10, 4, 1, 1, 5580.00, 10000.00, 7000.00, 1, NULL, NULL, NULL, 'owner@email.com', '2023-10-09 09:37:06', '2023-10-09 09:37:06'),
(25, 'Aneroid B.P. yuwell', '22840', 'def-582421', 25, 4, 1, 1, 1430.00, 1800.00, 1600.00, 1, NULL, NULL, NULL, 'owner@email.com', '2023-10-09 09:40:10', '2023-10-09 09:40:10'),
(26, 'Aneroid B.P BP-115', '8400981111924', 'def-332794', 34, 4, 1, 1, 900.00, 1800.00, 1400.00, 1, NULL, NULL, NULL, 'owner@email.com', '2023-10-09 09:41:18', '2023-10-09 09:41:18'),
(27, 'Aneroid B.P AG1-20', '4719003340117', 'def-583522', 35, 4, 1, 1, 2200.00, 3200.00, 2500.00, NULL, NULL, NULL, NULL, 'owner@email.com', '2023-10-09 09:42:33', '2023-10-09 09:42:33'),
(28, 'Aneroid B.P Original', '88872', 'def-398508', 36, 4, 1, 1, 800.00, 1800.00, 1500.00, 1, NULL, NULL, NULL, 'owner@email.com', '2023-10-09 09:43:39', '2023-10-09 09:43:39'),
(29, 'Aneroid B.P AT-956', '6931038620103', 'def-918143', 3, 4, 1, 1, 1600.00, 2200.00, 1800.00, 1, NULL, NULL, NULL, 'owner@email.com', '2023-10-09 09:45:05', '2023-10-09 09:45:05'),
(30, 'Glucometer 710', '57826', 'def-34220', 25, 5, 1, 1, 400.00, 2500.00, 1000.00, 1, NULL, NULL, NULL, 'owner@email.com', '2023-10-09 09:53:15', '2023-10-09 09:53:15'),
(31, 'Glucometer Accu-Chek Guide', '4015630066704', 'def-809357', 9, 5, 1, 1, 3600.00, 4500.00, 4000.00, 1, NULL, NULL, NULL, 'owner@email.com', '2023-10-09 09:55:08', '2023-10-09 09:55:08'),
(32, 'Glucometer Active', '4015630064243', 'def-646245', 9, 5, 1, 1, 2420.00, 3500.00, 3000.00, 1, NULL, NULL, NULL, 'owner@email.com', '2023-10-09 09:56:09', '2023-10-09 09:56:09'),
(33, 'Glucometer Freestyle Optium', '5021791000784', 'def-358754', 71, 5, 1, 1, 4200.00, 5000.00, 4500.00, NULL, NULL, '1', NULL, 'owner@email.com', '2023-10-09 09:57:42', '2023-10-09 09:57:42'),
(34, 'Glucometer GL-110', '2359', 'def-606053', 10, 5, 1, 1, 740.00, 2500.00, 1000.00, 1, NULL, NULL, NULL, 'owner@email.com', '2023-10-09 09:59:22', '2023-10-09 09:59:40'),
(35, 'Glucometer GL-50 EVO', '4211125463274', 'def-224906', 11, 5, 1, 1, 3500.00, 8000.00, 5000.00, 1, NULL, NULL, NULL, 'owner@email.com', '2023-10-09 10:01:02', '2023-10-09 10:01:02'),
(36, 'Glucometer Instant New', '4015630083893', 'def-672634', 9, 5, 1, 1, 3960.00, 5000.00, 4300.00, 1, NULL, NULL, NULL, 'owner@email.com', '2023-10-09 10:02:00', '2023-10-09 10:02:00'),
(37, 'CC GlucoX Meter TD-4183', '4713106027319', 'def-665084', 176, 5, 1, 1, 1000.00, 3000.00, 1500.00, NULL, NULL, NULL, NULL, 'owner@email.com', '2023-10-09 10:04:06', '2023-10-09 10:04:06'),
(38, 'CC Super Glocumeter TD-4279', '4710636646874', 'def-156859', 124, 5, 1, 1, 920.00, 3500.00, 1500.00, 1, NULL, NULL, NULL, 'owner@email.com', '2023-10-09 10:05:20', '2023-10-09 10:05:20'),
(39, 'Hemoglobin Testing System', '7474287101003', 'def-901917', 10, 5, 1, 1, 6700.00, 10000.00, 7500.00, 2, NULL, NULL, NULL, 'owner@email.com', '2023-10-09 10:06:32', '2023-10-09 10:06:32'),
(40, 'Home Sphygomanometer & Stethoscope', '31203', 'def-48904', 25, 4, 1, 1, 4220.00, 6500.00, 5200.00, 1, NULL, NULL, NULL, 'owner@email.com', '2023-10-09 10:10:43', '2023-10-09 10:10:43'),
(41, 'Mercury B.P. 600 Original Japan', '51466', 'def-932323', 12, 4, 1, 1, 12000.00, 16500.00, 13500.00, 1, NULL, NULL, NULL, 'owner@email.com', '2023-10-09 10:11:46', '2023-10-09 10:11:46'),
(42, 'Mercury B.P. Wall Type  630 Original Japan', '18493', 'def-991396', 12, 4, 1, 1, 11500.00, 20000.00, 14000.00, 1, NULL, NULL, NULL, 'owner@email.com', '2023-10-09 10:12:41', '2023-10-09 10:12:41'),
(43, 'Mercury B.P.', '57321', 'def-112556', 25, 4, 1, 1, 3700.00, 4500.00, 4000.00, 1, NULL, NULL, NULL, 'owner@email.com', '2023-10-09 10:14:10', '2023-10-09 10:14:10'),
(44, 'Mercury Free B.P. CR-2001 (Desk Type)', '6676276200105', 'def-465529', 10, 4, 1, 1, 8350.00, 12000.00, 9500.00, 1, NULL, NULL, NULL, 'owner@email.com', '2023-10-09 10:15:43', '2023-10-09 10:15:43'),
(45, 'Stand Mercury B.P. BK-1003', '74731', 'def-751537', 110, 4, 1, 1, 2000.00, 4000.00, 2800.00, 1, NULL, NULL, NULL, 'owner@email.com', '2023-10-09 10:43:32', '2023-10-09 10:43:32'),
(46, 'Mercury B.P. 800 With Out Box', '76200', 'def-952039', 92, 4, 1, 1, 2000.00, 5000.00, 3000.00, NULL, NULL, NULL, NULL, 'owner@email.com', '2023-10-09 10:45:35', '2023-10-09 10:45:35'),
(47, 'Mercury B.P', '38756', 'def-43320', 87, 4, 1, 1, 2200.00, 3500.00, 3000.00, NULL, NULL, NULL, NULL, 'owner@email.com', '2023-10-09 10:46:19', '2023-10-09 10:46:19'),
(48, 'CC Digital B.P. Arm Type TD-3127', '4710636648311', 'def-16559', 177, 4, 1, 1, 4000.00, 8000.00, 5500.00, NULL, NULL, NULL, NULL, 'owner@email.com', '2023-10-09 11:04:52', '2023-10-09 11:04:52'),
(49, 'Digital B.P Cuff Type BM-51', '4211125652043', 'def-622392', 11, 4, 1, 1, 10450.00, 15000.00, 13000.00, NULL, NULL, NULL, NULL, 'owner@email.com', '2023-10-09 11:05:49', '2023-10-09 11:05:49'),
(50, 'Digital B.P Cuff Type CHD701', '4562191601801', 'def-735469', 53, 4, 1, 1, 8200.00, 15000.00, 10000.00, NULL, NULL, NULL, NULL, 'owner@email.com', '2023-10-09 11:07:13', '2023-10-09 11:07:13'),
(51, 'Digital B.P. Cuff Type ARM', '58649', 'def-465824', 62, 4, 1, 1, 3020.00, 5000.00, 3500.00, NULL, NULL, NULL, NULL, 'owner@email.com', '2023-10-09 11:08:57', '2023-10-09 11:08:57'),
(52, 'Digital B.P. Cuff Type BM-400', '7478276400009', 'def-195487', 10, 4, 1, 1, 3450.00, 6000.00, 4500.00, NULL, NULL, NULL, NULL, 'owner@email.com', '2023-10-09 11:09:43', '2023-10-09 11:09:43'),
(53, 'Digital B.P. Cuff Type BM-450', '7478276450004', 'def-207930', 10, 4, 1, 1, 4950.00, 8500.00, 6000.00, NULL, NULL, NULL, NULL, 'owner@email.com', '2023-10-09 11:10:27', '2023-10-09 11:10:27'),
(54, 'Digital B.P. Cuff Type BM-55', '4211125658076', 'def-23967', 11, 4, 1, 1, 9900.00, 15000.00, 12500.00, NULL, NULL, NULL, NULL, 'owner@email.com', '2023-10-09 11:14:00', '2023-10-09 11:14:00'),
(55, 'Digital B.P. Cuff Type BM-85', '4211125658038', 'def-11759', 10, 4, 1, 1, 17300.00, 25000.00, 19500.00, NULL, NULL, NULL, NULL, 'owner@email.com', '2023-10-09 11:15:05', '2023-10-09 11:15:05'),
(56, 'Digital B.P. Cuff Type CH-304', '4580193651433', 'def-920226', 53, 4, 1, 1, 4590.00, 7500.00, 5500.00, NULL, NULL, NULL, NULL, 'owner@email.com', '2023-10-09 11:16:13', '2023-10-09 11:16:13'),
(57, 'Digital B.P. Cuff Type CH-452', '4580193650603', 'def-905490', 53, 4, 1, 1, 5350.00, 7000.00, 6000.00, NULL, NULL, NULL, NULL, 'owner@email.com', '2023-10-09 11:17:15', '2023-10-09 11:17:15'),
(58, 'Digital B.P. Cuff Type CH-453', '4580193650634', 'def-382763', 53, 4, 1, 1, 4975.00, 7500.00, 6000.00, NULL, NULL, NULL, NULL, 'owner@email.com', '2023-10-09 11:18:00', '2023-10-09 11:18:00'),
(59, 'Digital B.P. Cuff Type CH-456', '4580193650900', 'def-438004', 53, 4, 1, 1, 6830.00, 9500.00, 7500.00, NULL, NULL, NULL, NULL, 'owner@email.com', '2023-10-09 11:18:55', '2023-10-09 11:18:55'),
(60, 'Digital B.P. Cuff Type K2-1702', '4931140010702', 'def-444186', 29, 4, 1, 1, 8750.00, 12000.00, 9500.00, NULL, NULL, NULL, NULL, 'owner@email.com', '2023-10-09 11:19:49', '2023-10-09 11:19:49'),
(61, 'Digital B.P. Cuff Type LS-9001', '6939663906043', 'def-633094', 54, 4, 1, 1, 3230.00, 4500.00, 3500.00, NULL, NULL, NULL, NULL, 'owner@email.com', '2023-10-09 11:20:56', '2023-10-09 11:20:56'),
(62, 'Digital B.P. Cuff Type UC-207', '767056655010', 'def-996230', 55, 4, 1, 1, 1800.00, 3500.00, 2500.00, NULL, NULL, NULL, NULL, 'owner@email.com', '2023-10-09 11:24:35', '2023-10-09 11:24:35'),
(63, 'Digital B.P. Cuff Type YE670AR', '6933257918160', 'def-313086', 25, 4, 1, 1, 4000.00, 12000.00, 7000.00, NULL, NULL, NULL, NULL, 'owner@email.com', '2023-10-09 11:25:28', '2023-10-09 11:25:28'),
(64, 'Digital B.P. Cuff Type BM-40', '4211125658151', 'def-291304', 11, 4, 1, 1, 7400.00, 10000.00, 8500.00, NULL, NULL, NULL, NULL, 'owner@email.com', '2023-10-09 11:28:05', '2023-10-09 11:28:05'),
(65, 'Digital B.P. HEM-U10', '6927840003135', 'def-404660', 57, 4, 1, 1, 6500.00, 11000.00, 8500.00, NULL, NULL, NULL, NULL, 'owner@email.com', '2023-10-09 11:29:50', '2023-10-09 11:29:50'),
(66, 'CC 2in1 Gluco+B.P TD-3250', '4710636649325', 'def-330916', 176, 4, 1, 1, 4800.00, 10000.00, 7000.00, NULL, NULL, NULL, NULL, 'owner@email.com', '2023-10-09 11:34:15', '2023-10-09 11:34:15'),
(67, 'Digital B.P. Wrist Type BM-307', '7479276307008', 'def-241493', 10, 4, 1, 1, 2700.00, 4000.00, 3200.00, NULL, NULL, NULL, NULL, 'owner@email.com', '2023-10-09 11:44:14', '2023-10-09 11:44:14'),
(68, 'Digital B.P. Cuff Type CH-330', '4580193651631', 'def-353059', 53, 4, 1, 1, 6500.00, 10000.00, 8000.00, NULL, NULL, NULL, NULL, 'owner@email.com', '2023-10-09 11:45:25', '2023-10-09 11:45:25'),
(69, 'Digital B.P. HEM-7121', '6927840001681', 'def-642493', 57, 4, 1, 1, 6400.00, 10000.00, 7500.00, NULL, NULL, NULL, NULL, 'owner@email.com', '2023-10-09 11:46:27', '2023-10-09 11:46:27'),
(70, 'Digital B.P. Cuff Type CH-305', '4580193651440', 'def-626783', 53, 4, 1, 1, 4900.00, 8000.00, 5500.00, NULL, NULL, NULL, NULL, 'owner@email.com', '2023-10-09 11:50:56', '2023-10-09 11:50:56'),
(71, 'Digital B.P. Cuff Type BM-58', '4211125655167', 'def-806978', 11, 4, 1, 1, 11500.00, 16500.00, 13000.00, NULL, NULL, NULL, NULL, 'owner@email.com', '2023-10-09 11:53:13', '2023-10-09 11:53:13'),
(72, 'Digital B.P. Wrist Type CH-608', '4580193650320', 'def-906413', 53, 4, 1, 1, 1200.00, 2500.00, 2000.00, NULL, NULL, NULL, NULL, 'owner@email.com', '2023-10-09 11:54:46', '2023-10-09 11:54:46'),
(73, 'Digital B.P. Cuff Type UA-611', '5060006581168', 'def-318973', 8, 4, 1, 1, 3850.00, 5500.00, 4500.00, NULL, NULL, NULL, NULL, 'owner@email.com', '2023-10-09 12:02:46', '2023-10-09 12:02:46'),
(74, 'Digital B.P. Cuff Type UA-704', '7786', 'def-830332', 8, 4, 1, 1, 1500.00, 3000.00, 2000.00, NULL, NULL, NULL, NULL, 'owner@email.com', '2023-10-09 12:05:05', '2023-10-09 12:05:05'),
(75, 'Digital B.P Cuff Type AS-35K', '16480', 'def-374967', 6, 4, 1, 1, 3600.00, 4800.00, 3800.00, NULL, NULL, NULL, NULL, 'owner@email.com', '2023-10-09 12:06:35', '2023-10-09 12:06:35'),
(76, 'Digital B.P Cuff Type AXD-814', '47800', 'def-519809', 6, 4, 1, 1, 3010.00, 4500.00, 3500.00, NULL, NULL, NULL, NULL, 'owner@email.com', '2023-10-09 12:07:43', '2023-10-09 12:07:43'),
(77, 'Digital B.P Cuff Type 631A', '66530', 'def-38943', 6, 4, 1, 1, 3600.00, 4800.00, 4000.00, NULL, NULL, NULL, NULL, 'owner@email.com', '2023-10-09 12:08:52', '2023-10-09 12:08:52'),
(78, 'Digital B.P Cuff Type BM-2003', '8033224601434', 'def-157391', 22, 4, 1, 1, 2000.00, 4000.00, 2500.00, NULL, NULL, NULL, NULL, 'owner@email.com', '2023-10-09 12:10:02', '2023-10-09 12:10:02'),
(79, 'Digital B.P. LC-50', '4211125655013', 'def-256482', 5, 4, 1, 1, 1500.00, 3000.00, 2000.00, NULL, NULL, NULL, NULL, 'owner@email.com', '2023-10-09 12:11:24', '2023-10-09 12:11:24'),
(80, 'Digital B.P. Wrist Type', '0060362', 'def-101481', 117, 4, 1, 1, 2000.00, 3500.00, 2500.00, NULL, NULL, NULL, NULL, 'owner@email.com', '2023-10-09 12:13:26', '2023-10-09 12:13:26'),
(81, 'Digital B.P. Cuff Type BPM858', '44417', 'def-357507', 32, 4, 1, 1, 1700.00, 3500.00, 2500.00, NULL, NULL, NULL, NULL, 'owner@email.com', '2023-10-09 12:14:24', '2023-10-09 12:14:24'),
(82, 'Stethoscope 110 Original Japan', '0000113', 'def-625921', 12, 10, 1, 1, 1600.00, 2000.00, 1800.00, NULL, NULL, NULL, NULL, 'owner@email.com', '2023-10-09 13:00:08', '2023-10-09 13:00:08'),
(83, 'Stethoscope 120 Original Japan', '759', 'def-297078', 12, 10, 1, 1, 1800.00, 2300.00, 2000.00, NULL, NULL, NULL, NULL, 'owner@email.com', '2023-10-09 13:01:02', '2023-10-09 13:01:02'),
(84, 'Stethoscope 151 Original Japan', '0059245', 'def-300091', 12, 10, 1, 1, 2200.00, 3000.00, 2500.00, NULL, NULL, NULL, NULL, 'owner@email.com', '2023-10-09 13:02:05', '2023-10-09 13:02:05'),
(85, 'Stethoscope MDF-727 Child', '24821', 'def-730203', 92, 10, 1, 1, 1900.00, 4000.00, 2500.00, NULL, NULL, NULL, NULL, 'owner@email.com', '2023-10-09 13:04:14', '2023-10-09 13:04:14'),
(86, 'Stethoscope MDF-747 Adult', '78130', 'def-512468', 92, 10, 1, 1, 2200.00, 4500.00, 3000.00, NULL, NULL, NULL, NULL, 'owner@email.com', '2023-10-09 13:05:59', '2023-10-09 13:05:59'),
(87, 'Stethoscope MDF-747XP Child', '94424', 'def-347105', 92, 10, 1, 1, 2800.00, 4500.00, 3500.00, NULL, NULL, NULL, NULL, 'owner@email.com', '2023-10-09 13:07:07', '2023-10-09 13:07:07'),
(88, 'Stethoscope MDF-747 Child', '32831', 'def-160121', 92, 10, 1, 1, 2000.00, 4500.00, 3000.00, NULL, NULL, NULL, NULL, 'owner@email.com', '2023-10-09 13:08:52', '2023-10-09 13:08:52'),
(89, 'Stethoscope MDF-777 Adult', '6129', 'def-518452', 92, 10, 1, 1, 5000.00, 7500.00, 5500.00, NULL, NULL, NULL, NULL, 'owner@email.com', '2023-10-09 13:11:40', '2023-10-09 13:11:40'),
(90, 'Stethoscope MDF-767X Adult Sprague', '48308', 'def-769583', 92, 10, 1, 1, 7200.00, 12000.00, 8500.00, NULL, NULL, NULL, NULL, 'owner@email.com', '2023-10-09 13:13:28', '2023-10-09 13:13:28'),
(91, 'Stethoscope MDF-797 Adult Classic Cardiology', '68943', 'def-396009', 92, 10, 1, 1, 3000.00, 6500.00, 4000.00, NULL, NULL, NULL, NULL, 'owner@email.com', '2023-10-09 13:14:40', '2023-10-09 13:14:40'),
(92, 'Stethoscope BabiesPlus SF-503', '0065194', 'def-228371', 112, 10, 1, 1, 2250.00, 3500.00, 2800.00, NULL, NULL, NULL, NULL, 'owner@email.com', '2023-10-09 13:16:33', '2023-10-09 13:16:33'),
(93, 'Stethoscope CK-604P', '44239', 'def-337167', 36, 10, 1, 1, 1650.00, 2200.00, 1850.00, NULL, NULL, NULL, NULL, 'owner@email.com', '2023-10-09 13:19:29', '2023-10-09 13:19:29'),
(94, 'Stethoscope CK-605T', '16522', 'def-813582', 36, 10, 1, 1, 800.00, 1500.00, 1000.00, NULL, NULL, NULL, NULL, 'owner@email.com', '2023-10-09 13:20:21', '2023-10-09 13:20:21'),
(95, 'Stethoscope Cardiology 1975', '0065195', 'def-574245', 36, 10, 1, 1, 4500.00, 7500.00, 5500.00, NULL, NULL, NULL, NULL, 'owner@email.com', '2023-10-09 13:22:13', '2023-10-09 13:25:04'),
(96, 'Stethoscope Classic SS-025', '0006117', 'def-209204', 31, 10, 1, 1, 3500.00, 7000.00, 5000.00, NULL, NULL, NULL, NULL, 'owner@email.com', '2023-10-09 13:26:49', '2023-10-09 13:26:49'),
(97, 'Stethoscope Cradiology SS-011-BK', '32635', 'def-398049', 31, 10, 1, 1, 4500.00, 12000.00, 6500.00, NULL, NULL, NULL, NULL, 'owner@email.com', '2023-10-09 13:28:34', '2023-10-09 13:28:34'),
(98, 'Stethoscope Rappaport 140 Japan', '0059244', 'def-398654', 12, 10, 1, 1, 2800.00, 4000.00, 3200.00, NULL, NULL, NULL, NULL, 'owner@email.com', '2023-10-09 13:29:29', '2023-10-09 13:29:29'),
(99, 'Stethoscope CK-SS601PF', '55703', 'def-725266', 36, 10, 1, 1, 7200.00, 12000.00, 8500.00, NULL, NULL, NULL, NULL, 'owner@email.com', '2023-10-09 13:32:24', '2023-10-09 13:32:24'),
(100, 'Stethoscope Surgeon', '8814', 'def-288619', 6, 10, 1, 1, 650.00, 1200.00, 850.00, NULL, NULL, NULL, NULL, 'owner@email.com', '2023-10-09 13:33:09', '2023-10-09 13:33:09'),
(101, 'Stethoscope Proffesional MD-5010', '67438', 'def-294179', 6, 10, 1, 1, 1850.00, 3000.00, 2200.00, NULL, NULL, NULL, NULL, 'owner@email.com', '2023-10-09 13:33:58', '2023-10-09 13:33:58'),
(102, 'Stethoscope MD-120', '8248', 'def-490894', 6, 10, 1, 1, 450.00, 800.00, 650.00, NULL, NULL, NULL, NULL, 'owner@email.com', '2023-10-09 13:42:11', '2023-10-09 13:42:11'),
(103, 'Stethoscope Ecoplus', '17579', 'def-908836', 113, 10, 1, 1, 580.00, 900.00, 750.00, NULL, NULL, NULL, NULL, 'owner@email.com', '2023-10-09 13:43:53', '2023-10-09 13:43:53'),
(104, 'Stethoscope CR-3001 Child S-Head', '6677334300102', 'def-209991', 10, 10, 1, 1, 450.00, 800.00, 600.00, NULL, NULL, NULL, NULL, 'owner@email.com', '2023-10-09 13:47:34', '2023-10-09 13:47:34'),
(105, 'Stethoscope', '51072', 'def-746335', 25, 10, 1, 1, 720.00, 1200.00, 850.00, NULL, NULL, NULL, NULL, 'owner@email.com', '2023-10-09 13:48:24', '2023-10-09 13:48:24'),
(106, 'Stethoscope CR-747X Adult', '6677334747204', 'def-948248', 10, 10, 1, 1, 1220.00, 1800.00, 1500.00, NULL, NULL, NULL, NULL, 'owner@email.com', '2023-10-09 13:49:10', '2023-10-09 13:49:10'),
(107, 'Stethoscope CR-747SS Dual Head', '6677334747778', 'def-333252', 10, 10, 1, 1, 3200.00, 4000.00, 3500.00, NULL, NULL, NULL, NULL, 'owner@email.com', '2023-10-09 13:49:56', '2023-10-09 13:49:56'),
(108, 'Stethoscope Classic lll 5960', '07387790592', 'def-99551', 13, 10, 1, 1, 25050.00, 34000.00, 30000.00, NULL, NULL, NULL, NULL, 'owner@email.com', '2023-10-10 06:18:56', '2023-10-10 06:18:56'),
(109, 'Stethoscope Classic lll 5807', '707387789572', 'def-243927', 13, 10, 1, 1, 31035.00, 38000.00, 35000.00, NULL, NULL, NULL, NULL, 'owner@email.com', '2023-10-10 06:20:00', '2023-10-10 06:20:00'),
(110, 'Stethoscope Classic lll 5809', '707387789589', 'def-165654', 13, 10, 1, 1, 31700.00, 38000.00, 35000.00, NULL, NULL, NULL, NULL, 'owner@email.com', '2023-10-10 06:20:52', '2023-10-10 06:20:52'),
(111, 'Stethoscope Classic lll 5803 Copy', '707387771690', 'def-58375', 13, 10, 1, 1, 6535.00, 12000.00, 8500.00, NULL, NULL, NULL, NULL, 'owner@email.com', '2023-10-10 06:21:46', '2023-10-10 06:21:46'),
(112, 'Stethoscope Classic lll 5803', '707387789558', 'def-265676', 13, 10, 1, 1, 31420.00, 38000.00, 35000.00, NULL, NULL, NULL, NULL, 'owner@email.com', '2023-10-10 06:22:34', '2023-10-10 06:22:34'),
(113, 'Stethoscope Classic lll 5622', '707387789633', 'def-773997', 13, 10, 1, 1, 26520.00, 33000.00, 30000.00, NULL, NULL, NULL, NULL, 'owner@email.com', '2023-10-10 06:23:32', '2023-10-10 06:23:32'),
(114, 'Stethoscope Classic lll 5620', '707387789619', 'def-53473', 13, 10, 1, 1, 27400.00, 34000.00, 30000.00, NULL, NULL, NULL, NULL, 'owner@email.com', '2023-10-10 06:25:51', '2023-10-10 06:25:51'),
(115, 'Stethoscope Classic lll 5627', '707387789657', 'def-245245', 13, 10, 1, 1, 27050.00, 34000.00, 30000.00, NULL, NULL, NULL, NULL, 'owner@email.com', '2023-10-10 06:26:52', '2023-10-10 06:26:52'),
(116, 'Stethoscope Classic lll 5832 Lavender', '707387789695', 'def-533466', 13, 10, 1, 1, 22800.00, 34000.00, 30000.00, NULL, NULL, NULL, NULL, 'owner@email.com', '2023-10-10 06:27:41', '2023-10-10 06:27:41'),
(117, 'Stethoscope Classic lll 5868', '707387790349', 'def-363339', 13, 10, 1, 1, 31035.00, 38000.00, 35000.00, NULL, NULL, NULL, NULL, 'owner@email.com', '2023-10-10 06:28:32', '2023-10-10 06:28:32'),
(118, 'Stethoscope Classic ll 2113 Black', '707387060527', 'def-212555', 13, 10, 1, 1, 19500.00, 27000.00, 22000.00, NULL, NULL, NULL, NULL, 'owner@email.com', '2023-10-10 06:31:09', '2023-10-10 06:31:09'),
(119, 'Stethoscope Digital 3200NB', '707387765514', 'def-553339', 13, 10, 1, 1, 55000.00, 95000.00, 75000.00, NULL, NULL, NULL, NULL, 'owner@email.com', '2023-10-10 06:32:12', '2023-10-10 06:32:12'),
(120, 'Stethoscope Cradiology lll 3128BRS', '707387582906', 'def-776287', 13, 10, 1, 1, 32000.00, 45000.00, 40000.00, NULL, NULL, NULL, NULL, 'owner@email.com', '2023-10-10 06:33:17', '2023-10-10 06:33:17'),
(121, 'Stethoscope CK-S601CPF', '52053', 'def-928681', 36, 10, 1, 1, 8020.00, 13000.00, 10000.00, NULL, NULL, NULL, NULL, 'owner@email.com', '2023-10-10 06:34:31', '2023-10-10 06:34:31'),
(122, 'Stethoscope CK-S601PF', '68144', 'def-625655', 36, 10, 1, 1, 5800.00, 10000.00, 7000.00, NULL, NULL, NULL, NULL, 'owner@email.com', '2023-10-10 06:35:32', '2023-10-10 06:35:32'),
(123, 'Stethoscope CK-649', '77541', 'def-160351', 36, 10, 1, 1, 2820.00, 4500.00, 3500.00, NULL, NULL, NULL, NULL, 'owner@email.com', '2023-10-10 06:36:16', '2023-10-10 06:36:16'),
(124, 'Stethoscope Classic lll 5630 Blue', '707387771973', 'def-821030', 13, 10, 1, 1, 18500.00, 34000.00, 30000.00, NULL, NULL, NULL, NULL, 'owner@email.com', '2023-10-10 06:38:25', '2023-10-10 06:38:25'),
(125, 'Tens/EMS Phtsio Stim', '41447', 'def-345633', 1, 31, 1, 1, 5000.00, 8000.00, 6000.00, NULL, NULL, NULL, NULL, 'owner@email.com', '2023-10-10 06:49:29', '2023-10-10 06:49:29'),
(126, 'Tense Machine BE-660', '4716770926605', 'def-683250', 4, 31, 1, 1, 7170.00, 9000.00, 8000.00, NULL, NULL, NULL, NULL, 'owner@email.com', '2023-10-10 06:50:52', '2023-10-10 06:51:16'),
(127, 'Baby Wedge Pillow', '53', 'def-171725', 37, 13, 1, 1, 1420.00, 2000.00, 1700.00, NULL, NULL, NULL, NULL, 'owner@email.com', '2023-10-11 06:34:01', '2023-10-11 06:34:01'),
(128, 'Back Care Cushion', '28984', 'def-668795', 37, 13, 1, 1, 3360.00, 5000.00, 3800.00, NULL, NULL, NULL, NULL, 'owner@email.com', '2023-10-11 06:34:53', '2023-10-11 06:34:53'),
(129, 'Cervical Collar Master', '95327', 'def-509405', 37, 13, 1, 1, 3220.00, 4500.00, 3800.00, NULL, NULL, NULL, NULL, 'owner@email.com', '2023-10-11 06:35:37', '2023-10-11 06:35:37'),
(130, 'Coccyx Cusion', '68900', 'def-67614', 37, 13, 1, 1, 3800.00, 5000.00, 4300.00, NULL, NULL, NULL, NULL, 'owner@email.com', '2023-10-11 06:36:12', '2023-10-11 06:36:12'),
(131, 'Contour Pillow', '70424', 'def-137856', 37, 13, 1, 1, 3500.00, 5000.00, 4000.00, NULL, NULL, NULL, NULL, 'owner@email.com', '2023-10-11 06:36:59', '2023-10-11 06:36:59'),
(132, 'CoolBackBare', '63742', 'def-79861', 37, 13, 1, 1, 6700.00, 8500.00, 7500.00, NULL, NULL, NULL, NULL, 'owner@email.com', '2023-10-11 06:37:35', '2023-10-11 06:37:35'),
(133, 'D-Section Roll', '73688', 'def-657071', 37, 13, 1, 1, 3200.00, 6000.00, 4500.00, NULL, NULL, NULL, NULL, 'owner@email.com', '2023-10-11 06:38:19', '2023-10-11 06:38:19'),
(134, 'Lumbar Support', '71931', 'def-714239', 37, 13, 1, 1, 6000.00, 8500.00, 7000.00, NULL, NULL, NULL, NULL, 'owner@email.com', '2023-10-11 06:38:58', '2023-10-11 06:38:58'),
(135, 'Ring Cushion', '37674', 'def-550222', 37, 13, 1, 1, 3800.00, 5000.00, 4000.00, NULL, NULL, NULL, NULL, 'owner@email.com', '2023-10-11 06:39:40', '2023-10-11 06:39:40'),
(136, 'Travel PIllow', '32901', 'def-256801', 37, 13, 1, 1, 4000.00, 6500.00, 4500.00, NULL, NULL, NULL, NULL, 'owner@email.com', '2023-10-11 06:40:38', '2023-10-11 06:40:38'),
(137, 'Turn Over Pillow', '27204', 'def-356405', 37, 13, 1, 1, 4200.00, 7000.00, 6000.00, NULL, NULL, NULL, NULL, 'owner@email.com', '2023-10-11 06:41:10', '2023-10-11 06:41:10'),
(138, 'Heating Pad LC-240', '74405', 'def-954696', 5, 3, 1, 1, 3200.00, 4000.00, 3500.00, NULL, NULL, NULL, NULL, 'owner@email.com', '2023-10-11 08:15:05', '2023-10-11 08:15:05'),
(139, 'Heating Pad MC-240', '87876', 'def-657370', 6, 3, 1, 1, 3000.00, 4000.00, 3500.00, NULL, NULL, NULL, NULL, 'owner@email.com', '2023-10-11 08:15:46', '2023-10-11 08:15:46'),
(140, 'Heating Pad UC-240', '63628', 'def-121501', 7, 3, 1, 1, 3200.00, 4000.00, 3500.00, NULL, NULL, NULL, NULL, 'owner@email.com', '2023-10-11 08:16:35', '2023-10-11 08:16:47'),
(141, 'Nebulizer Frogi', '50938', 'def-956674', 97, 29, 1, 1, 2860.00, 4500.00, 3500.00, NULL, NULL, NULL, NULL, 'owner@email.com', '2023-10-11 08:24:03', '2023-10-11 08:24:03'),
(142, 'Nebulizer Mr Rabitt', '9635', 'def-159332', 96, 29, 1, 1, 2860.00, 4500.00, 3500.00, NULL, NULL, NULL, NULL, 'owner@email.com', '2023-10-11 08:25:04', '2023-10-11 08:25:04'),
(143, 'Nebulizer Dr-Care', '27918', 'def-456212', 178, 29, 1, 1, 3420.00, 4500.00, 4000.00, NULL, NULL, NULL, NULL, 'owner@email.com', '2023-10-11 08:27:07', '2023-10-11 08:27:07'),
(144, 'Nebulizer LifeSource', '8305', 'def-852724', 54, 29, 1, 1, 3510.00, 4500.00, 4000.00, NULL, NULL, NULL, NULL, 'owner@email.com', '2023-10-11 08:28:28', '2023-10-11 08:28:28'),
(145, 'Nebulizer', '41619', 'def-122629', 95, 29, 1, 1, 3510.00, 4500.00, 4000.00, NULL, NULL, NULL, NULL, 'owner@email.com', '2023-10-11 08:29:19', '2023-10-11 08:29:19'),
(146, 'Nebulizer Safety', '27578', 'def-466627', 23, 29, 1, 1, 2900.00, 4500.00, 3500.00, NULL, NULL, NULL, NULL, 'owner@email.com', '2023-10-11 08:30:23', '2023-10-11 08:30:23'),
(147, 'Nebulizer 3T', '45486', 'def-250110', 179, 29, 1, 1, 1500.00, 3000.00, 2000.00, NULL, NULL, NULL, NULL, 'owner@email.com', '2023-10-11 08:32:00', '2023-10-11 08:32:00'),
(148, 'Nebulizer Compressor', '24783', 'def-52628', 6, 29, 1, 1, 3400.00, 4500.00, 4000.00, NULL, NULL, NULL, NULL, 'owner@email.com', '2023-10-11 08:32:42', '2023-10-11 08:32:42'),
(149, 'Nebulizer Euro Neb', '6926937000118', 'def-931342', 180, 29, 1, 1, 3480.00, 4500.00, 4000.00, NULL, NULL, NULL, NULL, 'owner@email.com', '2023-10-11 08:34:27', '2023-10-11 08:34:27'),
(150, 'Nebulizer F-200', '38012', 'def-339274', 150, 29, 1, 1, 1400.00, 2200.00, 1800.00, NULL, NULL, NULL, NULL, 'owner@email.com', '2023-10-11 08:35:13', '2023-10-11 08:35:13'),
(151, 'Nebulizer Horizon', '26307', 'def-603594', 181, 29, 1, 1, 3200.00, 4500.00, 4000.00, NULL, NULL, NULL, NULL, 'owner@email.com', '2023-10-11 08:37:47', '2023-10-11 08:37:47'),
(152, 'Nebulizer IH-18', '4211125602369', 'def-989833', 11, 29, 1, 1, 7000.00, 10000.00, 8500.00, NULL, NULL, NULL, NULL, 'owner@email.com', '2023-10-11 08:39:54', '2023-10-11 08:39:54'),
(153, 'Nebulizer Medicare Plus', '37927', 'def-172418', 182, 29, 1, 1, 3600.00, 4800.00, 4200.00, NULL, NULL, NULL, NULL, 'owner@email.com', '2023-10-11 08:41:19', '2023-10-11 08:41:19'),
(154, 'Nebulizer Minipressor NB-30600', '99624', 'def-434441', 4, 29, 1, 1, 3320.00, 4500.00, 4000.00, NULL, NULL, NULL, NULL, 'owner@email.com', '2023-10-11 08:42:01', '2023-10-11 08:42:01'),
(155, 'Nebulizer NB-605', '7476322605002', 'def-522737', 10, 29, 1, 1, 3700.00, 5000.00, 4200.00, NULL, NULL, NULL, NULL, 'owner@email.com', '2023-10-11 08:42:54', '2023-10-11 08:42:54'),
(156, 'Nebulizer NB-607', '7476322607006', 'def-300844', 10, 29, 1, 1, 4264.00, 5500.00, 5000.00, NULL, NULL, NULL, NULL, 'owner@email.com', '2023-10-11 08:43:35', '2023-10-11 08:43:35'),
(157, 'Nebulizer NB-608', '7476322608003', 'def-937557', 10, 29, 1, 1, 4430.00, 6500.00, 5500.00, NULL, NULL, NULL, NULL, 'owner@email.com', '2023-10-11 08:44:14', '2023-10-11 08:44:14'),
(158, 'Nebulizer Onesta', '18387', 'def-100820', 183, 29, 1, 1, 3510.00, 4800.00, 4000.00, NULL, NULL, NULL, NULL, 'owner@email.com', '2023-10-11 08:45:03', '2023-10-11 08:45:03'),
(159, 'Nebulizer A300', '902948316', 'def-782344', 184, 29, 1, 1, 3160.00, 4500.00, 3500.00, NULL, NULL, NULL, NULL, 'owner@email.com', '2023-10-11 08:47:08', '2023-10-11 08:47:08'),
(160, 'Nebulizer Pulmocare', '36520', 'def-704848', 185, 29, 1, 1, 3510.00, 4800.00, 4000.00, NULL, NULL, NULL, NULL, 'owner@email.com', '2023-10-11 08:47:56', '2023-10-11 08:47:56'),
(161, 'Nebulizer Samary', '45505', 'def-4284', 186, 29, 1, 1, 3160.00, 4500.00, 3500.00, NULL, NULL, NULL, NULL, 'owner@email.com', '2023-10-11 08:49:16', '2023-10-11 08:49:16'),
(162, 'Nebulizer Strong Neb', '33142', 'def-952512', 187, 29, 1, 1, 2800.00, 4500.00, 3500.00, NULL, NULL, NULL, NULL, 'owner@email.com', '2023-10-11 08:50:12', '2023-10-11 08:50:12'),
(163, 'Nebulizer Ultrasoic 402C', '16351', 'def-865197', 25, 29, 1, 1, 8200.00, 13000.00, 10000.00, NULL, NULL, NULL, NULL, 'owner@email.com', '2023-10-11 08:50:44', '2023-10-11 08:50:44'),
(164, 'Infrared Lamp iL-11', '4211125614034', 'def-220020', 11, 13, 1, 1, 4510.00, 6500.00, 5500.00, NULL, NULL, NULL, NULL, 'owner@email.com', '2023-10-11 08:51:50', '2023-10-11 08:51:50'),
(165, 'Infrared Lamp iL-21', '4211125616014', 'def-706168', 11, 13, 1, 1, 8050.00, 12000.00, 9500.00, NULL, NULL, NULL, NULL, 'owner@email.com', '2023-10-11 08:52:34', '2023-10-11 08:52:34'),
(166, 'Doctor Kit', '70188', 'def-503217', 13, 10, 1, 1, 2000.00, 3500.00, 2500.00, NULL, NULL, NULL, NULL, 'owner@email.com', '2023-10-12 14:28:57', '2023-10-12 14:28:57'),
(167, 'Stethoscope Cardio Plus', '10572', 'def-132287', 113, 10, 1, 1, 3000.00, 5000.00, 3500.00, NULL, NULL, NULL, NULL, 'owner@email.com', '2023-10-12 14:33:03', '2023-10-12 14:33:03'),
(168, 'Pulse Oximeter 500C', '58780', 'def-862692', 103, 7, 1, 1, 1600.00, 3000.00, 2000.00, NULL, NULL, NULL, NULL, 'owner@email.com', '2023-10-14 12:24:46', '2023-10-14 12:24:46'),
(169, 'Pulse Oximeter CF309', '846841040115', 'def-471305', 104, 7, 1, 1, 2800.00, 4000.00, 3500.00, NULL, NULL, NULL, NULL, 'owner@email.com', '2023-10-14 12:25:37', '2023-10-14 12:25:37'),
(170, 'Pulse Oximeter Deluxe CG519', '846841040214', 'def-126776', 104, 7, 1, 1, 3500.00, 4500.00, 4000.00, NULL, NULL, NULL, NULL, 'owner@email.com', '2023-10-14 12:26:41', '2023-10-14 12:26:41'),
(171, 'Pulse Oximeter LK-87', '10535', 'def-92781', 38, 7, 1, 1, 400.00, 1200.00, 700.00, NULL, NULL, NULL, NULL, 'owner@email.com', '2023-10-14 12:28:18', '2023-10-14 12:28:18'),
(172, 'Pulse Oximeter LK-89', '98602', 'def-186541', 38, 7, 1, 1, 610.00, 1500.00, 1000.00, NULL, NULL, NULL, NULL, 'owner@email.com', '2023-10-14 12:28:54', '2023-10-14 12:28:54'),
(173, 'Pulse Oximeter PO-30', '93065', 'def-329357', 11, 7, 1, 1, 4920.00, 9000.00, 7000.00, NULL, NULL, NULL, NULL, 'owner@email.com', '2023-10-14 12:30:02', '2023-10-14 12:30:02'),
(174, 'Pulse Oximeter PO-80', '4211125454401', 'def-295385', 11, 7, 1, 1, 14500.00, 22000.00, 17000.00, NULL, NULL, NULL, NULL, 'owner@email.com', '2023-10-14 12:30:42', '2023-10-14 12:30:42'),
(175, 'Pulse Oximeter Talking', '050428389904', 'def-650123', 188, 7, 1, 1, 2500.00, 4000.00, 3200.00, NULL, NULL, NULL, NULL, 'owner@email.com', '2023-10-14 12:31:54', '2023-10-14 12:31:54'),
(176, 'Pulse Oximeter Yuwell', '78367', 'def-312471', 25, 7, 1, 1, 2810.00, 4500.00, 3300.00, NULL, NULL, NULL, NULL, 'owner@email.com', '2023-10-14 12:32:46', '2023-10-14 12:32:46'),
(177, 'Pulse Oximeter PO-905', '7477869905006', 'def-954477', 10, 7, 1, 1, 3116.00, 4500.00, 3500.00, NULL, NULL, NULL, NULL, 'owner@email.com', '2023-10-14 12:36:35', '2023-10-14 12:36:35'),
(178, 'Digital Infrared Thermometer FT-85', '4211125795061', 'def-618363', 11, 9, 1, 1, 7500.00, 12000.00, 9500.00, NULL, NULL, NULL, NULL, 'owner@email.com', '2023-10-14 14:02:11', '2023-10-14 14:02:11'),
(179, 'Digital Infrared Thermometer FT-95', '4211125795078', 'def-200006', 11, 9, 1, 1, 8000.00, 13000.00, 10000.00, NULL, NULL, NULL, NULL, 'owner@email.com', '2023-10-14 14:03:34', '2023-10-14 14:03:34'),
(180, 'Infrared Thermometer CK-T1503', '69926', 'def-649036', 189, 9, 1, 1, 1000.00, 2000.00, 1400.00, NULL, NULL, NULL, NULL, 'owner@email.com', '2023-10-14 14:05:35', '2023-10-14 14:05:35'),
(181, 'Infrared Thermometer FT-712', '7476228712002', 'def-183943', 10, 9, 1, 1, 2870.00, 7000.00, 4500.00, NULL, NULL, NULL, NULL, 'owner@email.com', '2023-10-14 14:06:38', '2023-10-14 14:16:16'),
(182, 'Infrared Thermometer THD2FE', '018436005773', 'def-684666', 88, 9, 1, 1, 650.00, 2500.00, 1300.00, NULL, NULL, NULL, NULL, 'owner@email.com', '2023-10-14 14:14:29', '2023-10-14 14:14:29'),
(183, 'Digital Infrared Thermometer FT-710', '7476228710008', 'def-841513', 10, 9, 1, 1, 5200.00, 7500.00, 6500.00, NULL, NULL, NULL, NULL, 'owner@email.com', '2023-10-14 14:17:02', '2023-10-14 14:17:02'),
(184, 'CC Digital Thermometer 2233', '4130201479629', 'def-57155', 176, 9, 1, 1, 275.00, 600.00, 400.00, NULL, NULL, NULL, NULL, 'owner@email.com', '2023-10-14 14:22:02', '2023-10-14 14:22:02'),
(185, 'CC Digital Thermometer Flexible 2244', '9890301379629', 'def-808042', 176, 9, 1, 1, 320.00, 700.00, 450.00, NULL, NULL, NULL, NULL, 'owner@email.com', '2023-10-14 14:23:26', '2023-10-14 14:23:26'),
(186, 'Digital Thermometer FT-13', '4211125791094', 'def-985343', 11, 9, 1, 1, 980.00, 1400.00, 1200.00, NULL, NULL, NULL, NULL, 'owner@email.com', '2023-10-14 14:24:13', '2023-10-14 14:28:26'),
(187, 'Digital Thermometer FT-707', '7473800707005', 'def-854928', 10, 9, 1, 1, 328.00, 700.00, 450.00, NULL, NULL, NULL, NULL, 'owner@email.com', '2023-10-14 14:25:12', '2023-10-14 14:25:12'),
(188, 'Digital Thermometer MT-111', '6939663900034', 'def-801873', 6, 9, 1, 1, 280.00, 450.00, 350.00, NULL, NULL, NULL, NULL, 'owner@email.com', '2023-10-14 14:26:12', '2023-10-14 14:26:12'),
(189, 'Digital Thermometer MT-506', '72950', 'def-256927', 6, 9, 1, 2, 325.00, 300.00, 200.00, NULL, NULL, NULL, NULL, 'owner@email.com', '2023-10-14 14:27:12', '2023-10-14 14:27:12'),
(190, 'Digital Thermometer TD-7000', '88097', 'def-955879', 24, 9, 1, 1, 160.00, 450.00, 250.00, NULL, NULL, NULL, NULL, 'owner@email.com', '2023-10-14 14:28:10', '2023-10-14 14:28:10'),
(191, 'Breast Pump Solo', '33629', 'def-101141', 190, 33, 1, 1, 77.00, 150.00, 100.00, NULL, NULL, NULL, NULL, 'owner@email.com', '2023-10-14 14:36:44', '2023-10-14 14:36:44'),
(192, 'Breast Pump Manual BR-520', '7476277520009', 'def-922704', 10, 33, 1, 1, 2050.00, 3500.00, 2700.00, NULL, NULL, NULL, NULL, 'owner@email.com', '2023-10-14 14:37:30', '2023-10-14 14:37:30'),
(193, 'Electric Brest Pump BR-550', '7473277550005', 'def-839958', 10, 33, 1, 1, 8030.00, 13000.00, 9500.00, NULL, NULL, NULL, NULL, 'owner@email.com', '2023-10-14 14:38:43', '2023-10-14 14:38:43'),
(194, 'Air Mattress', '52666', 'def-87194', 113, 15, 1, 1, 4980.00, 6500.00, 5400.00, NULL, NULL, NULL, NULL, 'owner@email.com', '2023-10-14 14:39:43', '2023-10-14 14:39:43'),
(195, 'Air Mattress Yuwell', '72770', 'def-251156', 25, 15, 1, 1, 5330.00, 7500.00, 6500.00, NULL, NULL, NULL, NULL, 'owner@email.com', '2023-10-14 14:40:42', '2023-10-14 14:40:42'),
(196, 'Air Mattress AM-205', '747269725007', 'def-351886', 10, 15, 1, 1, 6150.00, 9000.00, 8000.00, NULL, NULL, NULL, NULL, 'owner@email.com', '2023-10-14 14:41:54', '2023-10-14 14:41:54'),
(197, 'Tens/ems Machine EM-49', '4211125662059', 'def-820697', 11, 30, 1, 1, 9570.00, 15000.00, 11500.00, NULL, NULL, NULL, NULL, 'owner@email.com', '2023-10-14 14:42:59', '2023-10-14 14:42:59'),
(198, 'Tens/EMS', '27396', 'def-798522', 191, 30, 1, 1, 5000.00, 8000.00, 6000.00, NULL, NULL, NULL, NULL, 'owner@email.com', '2023-10-14 14:44:28', '2023-10-14 14:44:28'),
(199, 'Tense Machine Comfy Stim', '94304', 'def-212699', 192, 30, 1, 1, 8400.00, 13000.00, 9000.00, NULL, NULL, NULL, NULL, 'owner@email.com', '2023-10-14 15:09:01', '2023-10-14 15:09:01'),
(200, 'Hearing Aid Arena P1 BG', '10940399', 'def-536070', 74, 8, 1, 1, 16500.00, 23000.00, 18500.00, NULL, NULL, NULL, NULL, 'owner@email.com', '2023-10-14 15:15:08', '2023-10-14 15:15:08'),
(201, 'Hearing Aid ARENA HP3 BG', '10941656', 'def-461220', 74, 8, 1, 1, 21000.00, 28000.00, 23500.00, NULL, NULL, NULL, NULL, 'owner@email.com', '2023-10-14 15:25:47', '2023-10-14 15:25:47'),
(202, 'Hearing Aid Signia FUN SP', '10937285', 'def-814208', 141, 8, 1, 1, 23000.00, 28000.00, 25000.00, NULL, NULL, NULL, NULL, 'owner@email.com', '2023-10-14 15:27:16', '2023-10-14 15:27:16'),
(203, 'Hearing Aid Fast P BG', '10936803', 'def-727264', 141, 8, 1, 1, 18500.00, 24000.00, 20000.00, NULL, NULL, NULL, NULL, 'owner@email.com', '2023-10-14 15:29:20', '2023-10-14 15:29:20'),
(204, 'Hearing Aid VHP-202', '6946972200151', 'def-557913', 83, 8, 1, 1, 2300.00, 4500.00, 3000.00, NULL, NULL, NULL, NULL, 'owner@email.com', '2023-10-14 15:31:28', '2023-10-14 15:31:28'),
(205, 'Hearing Aid VHP-201', '6946972200144', 'def-542024', 83, 8, 1, 1, 2200.00, 4000.00, 3000.00, NULL, NULL, NULL, NULL, 'owner@email.com', '2023-10-14 15:32:21', '2023-10-14 15:32:21'),
(206, 'Digital Hearing Aid VHP-221', '6946972200427', 'def-294543', 83, 8, 1, 1, 4550.00, 8500.00, 6000.00, NULL, NULL, NULL, NULL, 'owner@email.com', '2023-10-14 15:36:23', '2023-10-14 15:36:23'),
(207, 'Digital Hearing Aid VHP-703', '6946972200489', 'def-656435', 83, 8, 1, 1, 6200.00, 10000.00, 8000.00, NULL, NULL, NULL, NULL, 'owner@email.com', '2023-10-14 15:37:40', '2023-10-14 15:37:40'),
(208, 'Hearing Aid K-86', '82797', 'def-638676', 75, 8, 1, 1, 1550.00, 2800.00, 2000.00, NULL, NULL, NULL, NULL, 'owner@email.com', '2023-10-14 15:42:31', '2023-10-14 15:42:31'),
(209, 'Hearing Aid HA-20DX', '44436', 'def-233047', 41, 8, 1, 1, 18500.00, 25000.00, 19500.00, NULL, NULL, NULL, NULL, 'owner@email.com', '2023-10-14 15:43:40', '2023-10-14 15:43:40'),
(210, 'Hearing Aid Speaker 2pin', '49654', 'def-536657', 194, 8, 1, 1, 140.00, 250.00, 200.00, NULL, NULL, NULL, NULL, 'owner@email.com', '2023-10-14 15:44:56', '2023-10-14 15:44:56'),
(211, 'Hearing Aid UN-125', '8956', 'def-272788', 82, 8, 1, 1, 1100.00, 2500.00, 1700.00, NULL, NULL, NULL, NULL, 'owner@email.com', '2023-10-14 15:46:08', '2023-10-14 15:46:08'),
(212, 'Hearing Aid V-185', '19292', 'def-717077', 75, 8, 1, 1, 1300.00, 2500.00, 1500.00, NULL, NULL, NULL, NULL, 'owner@email.com', '2023-10-14 15:46:43', '2023-10-14 15:46:43'),
(213, 'Hearing Aid Voice A-6-A-7', '61062', 'def-614883', 84, 8, 1, 1, 1980.00, 3000.00, 2500.00, NULL, NULL, NULL, NULL, 'owner@email.com', '2023-10-14 15:47:40', '2023-10-14 15:47:40'),
(214, 'Hearing Aid X-163', '14001', 'def-591591', 75, 8, 1, 1, 1220.00, 2500.00, 1500.00, NULL, NULL, NULL, NULL, 'owner@email.com', '2023-10-14 15:48:24', '2023-10-14 15:48:24'),
(215, 'Hearing Aid X-168', '11063', 'def-296858', 75, 8, 1, 1, 1200.00, 2500.00, 1500.00, NULL, NULL, NULL, NULL, 'owner@email.com', '2023-10-14 15:49:17', '2023-10-14 15:49:17'),
(216, 'Spare Hearing Aid Pipe', '5596', 'def-295125', 194, 8, 1, 1, 40.00, 80.00, 50.00, NULL, NULL, NULL, NULL, 'owner@email.com', '2023-10-14 15:50:02', '2023-10-14 15:50:02'),
(217, 'Spare Hearing Aid Rubber', '79356', 'def-830447', 194, 8, 1, 1, 40.00, 80.00, 50.00, NULL, NULL, NULL, NULL, 'owner@email.com', '2023-10-14 15:50:36', '2023-10-14 15:50:36'),
(218, 'Spare Wire for Hearing 2Pin', '5719', 'def-694370', 194, 8, 1, 1, 80.00, 150.00, 100.00, NULL, NULL, NULL, NULL, 'owner@email.com', '2023-10-14 15:52:43', '2023-10-14 15:52:43'),
(219, 'Hearing Aid CenturyCare Van Plus', '87363', 'def-907187', 78, 8, 1, 1, 10000.00, 14500.00, 12000.00, NULL, NULL, NULL, NULL, 'owner@email.com', '2023-10-14 15:54:41', '2023-10-14 15:54:41'),
(220, 'Hearing Aid CenturyCare Vivo Pro', '93033', 'def-695914', 79, 8, 1, 1, 10500.00, 15000.00, 13000.00, NULL, NULL, NULL, NULL, 'owner@email.com', '2023-10-14 15:56:22', '2023-10-14 15:56:22'),
(221, 'Hearing Aid CenturyCare Vivo Pulse', '64724', 'def-684950', 80, 8, 1, 1, 7500.00, 13000.00, 10000.00, NULL, NULL, NULL, NULL, 'owner@email.com', '2023-10-14 15:57:54', '2023-10-14 15:57:54'),
(222, 'Hearing Aid F-137', '49299', 'def-409859', 75, 8, 1, 1, 1600.00, 3000.00, 2000.00, NULL, NULL, NULL, NULL, 'owner@email.com', '2023-10-14 15:58:42', '2023-10-14 15:58:42'),
(223, 'Hearing Aid F-16', '4328', 'def-465003', 75, 8, 1, 1, 1650.00, 3000.00, 2000.00, NULL, NULL, NULL, NULL, 'owner@email.com', '2023-10-14 15:59:24', '2023-10-14 15:59:24'),
(224, 'Hearing Aid K-188', '99578', 'def-593368', 75, 8, 1, 1, 1700.00, 3000.00, 2000.00, NULL, NULL, NULL, NULL, 'owner@email.com', '2023-10-14 16:00:33', '2023-10-14 16:00:33'),
(225, 'Hearing Aid K-55', '6703', 'def-725465', 75, 8, 1, 1, 1570.00, 2800.00, 2000.00, NULL, NULL, NULL, NULL, 'owner@email.com', '2023-10-14 16:01:21', '2023-10-14 16:01:21'),
(226, 'Hearing Aid K-80', '83619', 'def-457766', 75, 8, 1, 1, 1450.00, 2500.00, 1800.00, NULL, NULL, NULL, NULL, 'owner@email.com', '2023-10-14 16:02:39', '2023-10-14 16:02:39'),
(227, 'Hearing Aid K-83', '24341', 'def-325726', 75, 8, 1, 1, 1550.00, 2800.00, 1800.00, NULL, NULL, NULL, NULL, 'owner@email.com', '2023-10-14 16:03:14', '2023-10-14 16:03:14'),
(228, 'Spare Wire for Hearing 3Pin', '81005', 'def-95761', 194, 8, 1, 1, 300.00, 450.00, 350.00, NULL, NULL, NULL, NULL, 'owner@email.com', '2023-10-14 16:04:20', '2023-10-14 16:04:20'),
(229, 'DVB Film Trimax 8 x 10', '78087', 'def-997933', 67, 19, 1, 1, 16800.00, 22000.00, 20000.00, NULL, NULL, NULL, NULL, 'owner@email.com', '2023-10-14 16:05:47', '2023-10-14 16:05:47'),
(230, 'DVB Film Trimax 10 x 12', '27218', 'def-918926', 67, 19, 1, 1, 30000.00, 34500.00, 34000.00, NULL, NULL, NULL, NULL, 'owner@email.com', '2023-10-14 16:06:31', '2023-10-14 16:06:31'),
(231, 'DVB Film Trimax 11 x 14', '41230', 'def-618436', 67, 19, 1, 1, 32950.00, 39000.00, 37000.00, NULL, NULL, NULL, NULL, 'owner@email.com', '2023-10-14 16:07:16', '2023-10-14 16:07:16'),
(232, 'DVB Film Trimax 14 x 17', '1113', 'def-12466', 67, 19, 1, 1, 47750.00, 55000.00, 52000.00, NULL, NULL, NULL, NULL, 'owner@email.com', '2023-10-14 16:07:58', '2023-10-14 16:07:58'),
(233, 'X-Ray Film 8 x 10 Blue', '78666', 'def-706118', 138, 19, 1, 1, 8200.00, 13000.00, 11000.00, NULL, NULL, NULL, NULL, 'owner@email.com', '2023-10-14 16:08:58', '2023-10-14 16:08:58'),
(234, 'X-Ray Film 10 x 12', '76881', 'def-56981', 138, 19, 1, 1, 12000.00, 15000.00, 14000.00, NULL, NULL, NULL, NULL, 'owner@email.com', '2023-10-14 16:09:38', '2023-10-14 16:09:38'),
(235, 'X-Ray Film 12 x 15 Blue', '31237', 'def-413603', 138, 19, 1, 1, 17560.00, 23000.00, 22000.00, NULL, NULL, NULL, NULL, 'owner@email.com', '2023-10-14 16:10:28', '2023-10-14 16:10:28'),
(236, 'X-Ray Film 12 x 15 Green', '58874', 'def-403300', 138, 19, 1, 1, 17550.00, 23000.00, 20000.00, NULL, NULL, NULL, NULL, 'owner@email.com', '2023-10-14 16:11:09', '2023-10-14 16:11:09'),
(237, 'Steamer Face Spa FS-100', '8602', 'def-343978', 32, 13, 1, 1, 1600.00, 2500.00, 1800.00, NULL, NULL, NULL, NULL, 'owner@email.com', '2023-10-16 06:52:11', '2023-10-16 06:52:41'),
(238, 'Steamer & Inhalar', '5657616908234', 'def-981461', 6, 13, 1, 1, 450.00, 750.00, 600.00, NULL, NULL, NULL, NULL, 'owner@email.com', '2023-10-16 06:53:51', '2023-10-16 06:53:51'),
(239, 'Steamer Facial 4 in 1', '89264', 'def-644933', 111, 13, 1, 1, 800.00, 1700.00, 1000.00, NULL, NULL, NULL, NULL, 'owner@email.com', '2023-10-16 06:54:36', '2023-10-16 06:54:36'),
(240, 'Steamer FS-510', '89206', 'def-589288', 10, 13, 1, 1, 3200.00, 4500.00, 3500.00, NULL, NULL, NULL, NULL, 'owner@email.com', '2023-10-16 07:03:12', '2023-10-16 07:03:12'),
(241, 'Steamer MS-507 Junior', '5011423176253', 'def-564640', 6, 13, 1, 1, 500.00, 950.00, 750.00, NULL, NULL, NULL, NULL, 'owner@email.com', '2023-10-16 07:06:10', '2023-10-16 07:06:10'),
(242, 'Steamer SI-40', '4211125601324', 'def-130946', 11, 13, 1, 1, 7000.00, 10000.00, 8500.00, NULL, NULL, NULL, NULL, 'owner@email.com', '2023-10-16 07:07:21', '2023-10-16 07:07:21'),
(243, 'Steamer Sl-515', '7477846515006', 'def-337174', 10, 13, 1, 1, 2640.00, 3500.00, 3000.00, NULL, NULL, NULL, NULL, 'owner@email.com', '2023-10-16 07:16:22', '2023-10-16 07:16:22'),
(244, 'Steamer', '78673', 'def-199150', 102, 13, 1, 1, 480.00, 800.00, 600.00, NULL, NULL, NULL, NULL, 'owner@email.com', '2023-10-16 07:17:56', '2023-10-16 07:17:56'),
(245, 'Steamer K-33S', '95349', 'def-203796', 27, 13, 1, 1, 3610.00, 5500.00, 4500.00, NULL, NULL, NULL, NULL, 'owner@email.com', '2023-10-16 07:18:59', '2023-10-16 07:18:59'),
(246, 'Air Humidifer HI-3013', '8033224603698', 'def-799241', 22, 14, 1, 1, 4600.00, 8000.00, 5500.00, NULL, NULL, NULL, NULL, 'owner@email.com', '2023-10-16 07:20:29', '2023-10-16 07:20:29'),
(247, 'Air Humidifier HF-507', '7478243507007', 'def-672725', 10, 14, 1, 1, 6650.00, 10000.00, 8000.00, NULL, NULL, NULL, NULL, 'owner@email.com', '2023-10-16 07:21:20', '2023-10-16 07:21:20'),
(248, 'Air Humidifier Homre', '33211', 'def-668312', 68, 14, 1, 1, 2500.00, 4000.00, 3000.00, NULL, NULL, NULL, NULL, 'owner@email.com', '2023-10-16 07:22:15', '2023-10-16 07:22:15'),
(249, 'Air Humidifier LB-37', '4211125681173', 'def-394979', 11, 14, 1, 1, 8800.00, 14500.00, 10000.00, NULL, NULL, NULL, NULL, 'owner@email.com', '2023-10-16 07:23:21', '2023-10-16 07:23:21'),
(250, 'Air Humidifier -LC700', '77815', 'def-297341', 5, 14, 1, 1, 4460.00, 7000.00, 5000.00, NULL, NULL, NULL, NULL, 'owner@email.com', '2023-10-16 07:24:16', '2023-10-16 07:24:16'),
(251, 'Oxygen Regulator', '41330', 'def-272443', 6, 23, 1, 1, 2460.00, 3200.00, 2650.00, NULL, NULL, NULL, NULL, 'owner@email.com', '2023-10-16 07:25:29', '2023-10-16 07:25:29'),
(252, 'Spare Oxygen Bottle', '78155', 'def-637030', 68, 23, 1, 1, 405.00, 650.00, 550.00, NULL, NULL, NULL, NULL, 'owner@email.com', '2023-10-16 07:26:15', '2023-10-16 07:26:15'),
(253, 'First Aid Box Small', '22032', 'def-326824', 68, 13, 1, 1, 565.00, 850.00, 650.00, NULL, NULL, NULL, NULL, 'owner@email.com', '2023-10-16 07:29:32', '2023-10-16 07:29:32'),
(254, 'First Aid Box Medium', '51158', 'def-695358', 68, 13, 1, 1, 760.00, 1300.00, 900.00, NULL, NULL, NULL, NULL, 'owner@email.com', '2023-10-16 07:30:09', '2023-10-16 07:30:09'),
(255, 'First Aid Box Large', '90146', 'def-614992', 68, 13, 1, 1, 1550.00, 2200.00, 1800.00, NULL, NULL, NULL, NULL, 'owner@email.com', '2023-10-16 07:30:51', '2023-10-16 07:30:51'),
(256, 'First Aid Box XL', '8882', 'def-527317', 68, 13, 1, 1, 1820.00, 2800.00, 2200.00, NULL, NULL, NULL, NULL, 'owner@email.com', '2023-10-16 07:31:32', '2023-10-16 07:31:32'),
(257, 'Docter Kit Only', '11737', 'def-84974', 68, 24, 1, 1, 1350.00, 2000.00, 1600.00, NULL, NULL, NULL, NULL, 'owner@email.com', '2023-10-16 07:32:59', '2023-10-16 07:32:59'),
(258, 'Body Massager SL-222', '42197', 'def-559164', 195, 6, 1, 1, 3460.00, 6500.00, 4500.00, NULL, NULL, NULL, NULL, 'owner@email.com', '2023-10-16 07:39:15', '2023-10-16 07:39:15'),
(259, 'EMS Foot Massager', '75095', 'def-386470', 68, 30, 1, 1, 750.00, 1800.00, 1200.00, NULL, NULL, NULL, NULL, 'owner@email.com', '2023-10-16 07:40:24', '2023-10-16 07:40:24'),
(260, 'Massager JBY-326A', '19502', 'def-896209', 196, 6, 1, 1, 3500.00, 6000.00, 4500.00, NULL, NULL, NULL, NULL, 'owner@email.com', '2023-10-16 07:42:22', '2023-10-16 07:42:22'),
(261, 'Massager Gun BLD-740', '23100', 'def-519829', 90, 6, 1, 1, 3300.00, 5500.00, 4500.00, NULL, NULL, NULL, NULL, 'owner@email.com', '2023-10-16 07:43:58', '2023-10-16 07:43:58'),
(262, 'Massager Gun MGE-006', '87140', 'def-925655', 68, 6, 1, 1, 1380.00, 2800.00, 1800.00, NULL, NULL, NULL, NULL, 'owner@email.com', '2023-10-16 07:44:38', '2023-10-16 07:44:38'),
(263, 'Massager Luxurious BLD-111', '55346', 'def-999465', 90, 6, 1, 1, 5250.00, 9500.00, 7500.00, NULL, NULL, NULL, NULL, 'owner@email.com', '2023-10-16 07:45:24', '2023-10-16 07:45:24'),
(264, 'Massager Body', '46447', 'def-189738', 197, 6, 1, 1, 2120.00, 4500.00, 3000.00, NULL, NULL, NULL, NULL, 'owner@email.com', '2023-10-16 07:47:34', '2023-10-16 07:47:34'),
(265, 'Massager SH-106 JC Buckman', '19948', 'def-981018', 91, 6, 1, 1, 6750.00, 12000.00, 8500.00, NULL, NULL, NULL, NULL, 'owner@email.com', '2023-10-16 07:48:20', '2023-10-16 07:48:20'),
(266, 'Mini Massager Stick', '89519', 'def-910020', 68, 30, 1, 1, 490.00, 1300.00, 750.00, NULL, NULL, NULL, NULL, 'owner@email.com', '2023-10-16 07:49:09', '2023-10-16 07:49:09'),
(267, 'Body Massager', '28397', 'def-31644', 198, 6, 1, 1, 3440.00, 6500.00, 4500.00, NULL, NULL, NULL, NULL, 'owner@email.com', '2023-10-16 07:50:37', '2023-10-16 07:50:37');
INSERT INTO `products` (`productID`, `name`, `code`, `defaultBatch`, `brandID`, `categoryID`, `isExpire`, `productUnit`, `purchasePrice`, `salePrice`, `wholeSalePrice`, `alertQuantity`, `commission`, `description`, `image`, `createdBy`, `created_at`, `updated_at`) VALUES
(268, 'Rechargeable Massager Stick 2018C', '10277', 'def-779171', 68, 6, 1, 1, 3560.00, 6000.00, 4500.00, NULL, NULL, NULL, NULL, 'owner@email.com', '2023-10-16 07:51:24', '2023-10-16 07:51:24'),
(269, 'Body Messager MG-40', '4211125648251', 'def-681021', 11, 6, 1, 1, 4500.00, 8000.00, 5500.00, NULL, 2.00, NULL, NULL, 'owner@email.com', '2023-10-16 07:52:49', '2023-10-17 10:03:49'),
(270, 'Body Messager MG-55', '4211125643201', 'def-819313', 11, 6, 1, 1, 7250.00, 12000.00, 9000.00, NULL, 4.70, NULL, NULL, 'owner@email.com', '2023-10-16 07:53:33', '2023-10-17 10:03:34'),
(271, 'Body Messager MG-70', '4211125649050', 'def-789621', 11, 6, 1, 1, 11500.00, 17000.00, 14000.00, NULL, 7.50, NULL, NULL, 'owner@email.com', '2023-10-16 07:54:36', '2023-10-17 10:03:15'),
(272, 'Body Messager MG-80', '4211125649012', 'def-656917', 11, 6, 1, 1, 10000.00, 20000.00, 17000.00, NULL, 3.00, NULL, NULL, 'owner@email.com', '2023-10-16 07:55:41', '2023-10-17 10:02:54'),
(273, 'Ultrasound Gel 5Ltr', '75245', 'def-371040', 199, 19, 1, 1, 690.00, 1300.00, 850.00, NULL, 5.00, NULL, NULL, 'owner@email.com', '2023-10-16 08:03:17', '2023-10-17 10:02:41'),
(274, 'Ultrasound Gel 5Ltr Aqua Clear', '88522', 'def-955004', 133, 19, 1, 1, 360.00, 650.00, 500.00, NULL, 12.00, NULL, NULL, 'owner@email.com', '2023-10-16 08:05:34', '2023-10-17 10:02:27');
COMMIT;

/*!40101 SET CHARACTER_SET_CLIENT=@OLD_CHARACTER_SET_CLIENT */;
/*!40101 SET CHARACTER_SET_RESULTS=@OLD_CHARACTER_SET_RESULTS */;
/*!40101 SET COLLATION_CONNECTION=@OLD_COLLATION_CONNECTION */;
